,2017rank,City,State[c],2017estimate,2010 Census,Change,2016 land area(sq m),2016 land area(sq km),2016 population density(per sq mi),2016 population density(per sq km),Location,City_urls,Elevation,Timezone
1,1,New York City,New York,8398748,8175133,+2.74%,301.5 sq mi,780.9 km2,"28,317/sq mi","10,933/km2",40°39′49″N 73°56′19″W﻿ / ﻿40.6635°N 73.9387°W,https://en.wikipedia.org//wiki/New_York_City,33 ft (10 m),UTC−05:00 (EST)
2,2,Los Angeles,California,3990456,3792621,+5.22%,468.7 sq mi,"1,213.9 km2","8,484/sq mi","3,276/km2",34°01′10″N 118°24′39″W﻿ / ﻿34.0194°N 118.4108°W,https://en.wikipedia.org//wiki/Los_Angeles,305 ft (93 m),UTC−08:00 (Pacific)
3,3,Chicago,Illinois,2705994,2695598,+0.39%,227.3 sq mi,588.7 km2,"11,900/sq mi","4,600/km2",41°50′15″N 87°40′54″W﻿ / ﻿41.8376°N 87.6818°W,https://en.wikipedia.org//wiki/Chicago,594 ft (181 m),UTC−06:00 (Central)
4,4,Houston,Texas,2325502,2100263,+10.72%,637.5 sq mi,"1,651.1 km2","3,613/sq mi","1,395/km2",29°47′12″N 95°23′27″W﻿ / ﻿29.7866°N 95.3909°W,https://en.wikipedia.org//wiki/Houston,80 ft (32 m),UTC−6 (CST)
5,5,Phoenix,Arizona,1660272,1445632,+14.85%,517.6 sq mi,"1,340.6 km2","3,120/sq mi","1,200/km2",33°34′20″N 112°05′24″W﻿ / ﻿33.5722°N 112.0901°W,"https://en.wikipedia.org//wiki/Phoenix,_Arizona","1,086 ft (331 m)",UTC−7 (MST (no DST))
6,6,Philadelphia,Pennsylvania,1584138,1526006,+3.81%,134.2 sq mi,347.6 km2,"11,683/sq mi","4,511/km2",40°00′34″N 75°08′00″W﻿ / ﻿40.0094°N 75.1333°W,https://en.wikipedia.org//wiki/Philadelphia,39 ft (12 m),UTC-5 (EST)
7,7,San Antonio,Texas,1532233,1327407,+15.43%,461.0 sq mi,"1,194.0 km2","3,238/sq mi","1,250/km2",29°28′21″N 98°31′30″W﻿ / ﻿29.4724°N 98.5251°W,https://en.wikipedia.org//wiki/San_Antonio,650 ft (198 m),UTC−6 (CST)
8,8,San Diego,California,1425976,1307402,+9.07%,325.2 sq mi,842.3 km2,"4,325/sq mi","1,670/km2",32°48′55″N 117°08′06″W﻿ / ﻿32.8153°N 117.1350°W,https://en.wikipedia.org//wiki/San_Diego,62 ft (19 m),UTC−8 (Pacific)
9,9,Dallas,Texas,1345047,1197816,+12.29%,340.9 sq mi,882.9 km2,"3,866/sq mi","1,493/km2",32°47′36″N 96°45′59″W﻿ / ﻿32.7933°N 96.7665°W,https://en.wikipedia.org//wiki/Dallas,430 ft (131 m),UTC−6 (Central)
10,10,San Jose,California,1030119,945942,+8.90%,177.5 sq mi,459.7 km2,"5,777/sq mi","2,231/km2",37°17′48″N 121°49′08″W﻿ / ﻿37.2967°N 121.8189°W,"https://en.wikipedia.org//wiki/San_Jose,_California",82 ft (25 m),UTC−8 (Pacific Time Zone)
11,11,Austin,Texas,964254,790390,+22.00%,312.7 sq mi,809.9 km2,"3,031/sq mi","1,170/km2",30°18′14″N 97°45′16″W﻿ / ﻿30.3039°N 97.7544°W,"https://en.wikipedia.org//wiki/Austin,_Texas","289 - 1,330 ft (88 - 405 m)",UTC−6 (CST)
12,12,Jacksonville,Florida,903889,821784,+9.99%,747.4 sq mi,"1,935.8 km2","1,178/sq mi",455/km2,30°20′13″N 81°39′42″W﻿ / ﻿30.3369°N 81.6616°W,"https://en.wikipedia.org//wiki/Jacksonville,_Florida",16 ft (5 m),UTC−5 (Eastern (EST))
13,13,Fort Worth,Texas,895008,741206,+20.75%,342.9 sq mi,888.1 km2,"2,491/sq mi",962/km2,32°46′53″N 97°20′48″W﻿ / ﻿32.7815°N 97.3467°W,"https://en.wikipedia.org//wiki/Fort_Worth,_Texas",653 ft (216 m),UTC−6 (CST)
14,14,Columbus,Ohio,892533,787033,+13.40%,218.5 sq mi,565.9 km2,"3,936/sq mi","1,520/km2",39°59′07″N 82°59′05″W﻿ / ﻿39.9852°N 82.9848°W,"https://en.wikipedia.org//wiki/Columbus,_Ohio",902 ft (275 m),UTC-5 (EST)
15,15,San Francisco,California,883305,805235,+9.70%,46.9 sq mi,121.5 km2,"18,569/sq mi","7,170/km2",37°43′38″N 123°01′56″W﻿ / ﻿37.7272°N 123.0322°W,https://en.wikipedia.org//wiki/San_Francisco,52 ft (16 m),UTC−8 (Pacific Time Zone)
16,16,Charlotte,North Carolina,872498,731424,+19.29%,305.4 sq mi,791.0 km2,"2,757/sq mi","1,064/km2",35°12′28″N 80°49′52″W﻿ / ﻿35.2078°N 80.8310°W,"https://en.wikipedia.org//wiki/Charlotte,_North_Carolina",761 ft (232 m),UTC−5 (EST)
17,17,Indianapolis,Indiana,867125,820445,+5.69%,361.5 sq mi,936.3 km2,"2,366/sq mi",914/km2,39°46′36″N 86°08′45″W﻿ / ﻿39.7767°N 86.1459°W,https://en.wikipedia.org//wiki/Indianapolis,715 ft (218 m),UTC−5 (EST)
18,18,Seattle,Washington,744955,608660,+22.39%,83.8 sq mi,217.0 km2,"8,405/sq mi","3,245/km2",47°37′14″N 122°21′03″W﻿ / ﻿47.6205°N 122.3509°W,https://en.wikipedia.org//wiki/Seattle,520 ft (158 m),UTC−8 (PST)
19,19,Denver,Colorado,716492,600158,+19.38%,153.3 sq mi,397.0 km2,"4,521/sq mi","1,746/km2",39°45′43″N 104°52′52″W﻿ / ﻿39.7619°N 104.8811°W,https://en.wikipedia.org//wiki/Denver,"5,130–5,690 ft (1,564–1,734 m)",UTC−7 (MST)
20,20,"Washington, D.C.",District of Columbia,702455,601723,+16.74%,61.1 sq mi,158.2 km2,"11,148/sq mi","4,304/km2",38°54′15″N 77°01′02″W﻿ / ﻿38.9041°N 77.0172°W,"https://en.wikipedia.org//wiki/Washington,_D.C.",409 ft (125 m),UTC−5 (EST)
21,21,Boston,Massachusetts,694583,617594,+12.47%,48.3 sq mi,125.1 km2,"13,938/sq mi","5,381/km2",42°19′55″N 71°01′13″W﻿ / ﻿42.3320°N 71.0202°W,https://en.wikipedia.org//wiki/Boston,141 ft (43 m),UTC−5 (EST)
22,22,El Paso,Texas,682669,649121,+5.17%,256.8 sq mi,665.1 km2,"2,660/sq mi","1,030/km2",31°50′54″N 106°25′37″W﻿ / ﻿31.8484°N 106.4270°W,"https://en.wikipedia.org//wiki/El_Paso,_Texas","3,740 ft (1,140 m)",UTC−7 (MST)
23,23,Detroit,Michigan,672662,713777,−5.76%,138.8 sq mi,359.5 km2,"4,847/sq mi","1,871/km2",42°22′59″N 83°06′08″W﻿ / ﻿42.3830°N 83.1022°W,https://en.wikipedia.org//wiki/Detroit,656 ft (200 m),UTC−5 (EST)
24,24,<i>Nashville</i>,Tennessee,669053,601222,+11.28%,475.9 sq mi,"1,232.6 km2","1,388/sq mi",536/km2,36°10′18″N 86°47′06″W﻿ / ﻿36.1718°N 86.7850°W,"https://en.wikipedia.org//wiki/Nashville,_Tennessee",597 ft (182 m),UTC−6 (CST)
25,25,Portland,Oregon,653115,583776,+11.88%,133.5 sq mi,345.8 km2,"4,793/sq mi","1,851/km2",45°32′13″N 122°39′00″W﻿ / ﻿45.5370°N 122.6500°W,"https://en.wikipedia.org//wiki/Portland,_Oregon",50 ft (15.2 m),UTC−08:00 (PST)
26,26,Memphis,Tennessee,650618,646889,+0.58%,317.4 sq mi,822.1 km2,"2,056/sq mi",794/km2,35°06′10″N 89°58′39″W﻿ / ﻿35.1028°N 89.9774°W,"https://en.wikipedia.org//wiki/Memphis,_Tennessee",337 ft (103 m),UTC−6 (CST)
27,27,Oklahoma City,Oklahoma,649021,579999,+11.90%,606.3 sq mi,"1,570.3 km2","1,053/sq mi",407/km2,35°28′02″N 97°30′49″W﻿ / ﻿35.4671°N 97.5137°W,https://en.wikipedia.org//wiki/Oklahoma_City,"1,201 ft (366 m)",UTC−6 (CST)
28,28,Las Vegas,Nevada,644644,583756,+10.43%,134.4 sq mi,348.1 km2,"4,709/sq mi","1,818/km2",36°13′45″N 115°15′36″W﻿ / ﻿36.2292°N 115.2601°W,https://en.wikipedia.org//wiki/Las_Vegas,"2,001 ft (610 m)",UTC−8 (PST)
29,29,Louisville,Kentucky,620118,597337,+3.81%,263.5 sq mi,682.5 km2,"2,339/sq mi",903/km2,38°09′55″N 85°38′51″W﻿ / ﻿38.1654°N 85.6474°W,"https://en.wikipedia.org//wiki/Louisville,_Kentucky",466 ft (142 m),UTC-5 (EST)
30,30,Baltimore,Maryland,602495,620961,−2.97%,80.9 sq mi,209.5 km2,"7,598/sq mi","2,934/km2",39°18′00″N 76°36′38″W﻿ / ﻿39.3000°N 76.6105°W,https://en.wikipedia.org//wiki/Baltimore,0–480 ft (0–150 m),UTC−5 (EST)
31,31,Milwaukee,Wisconsin,592025,594833,−0.47%,96.2 sq mi,249.2 km2,"6,186/sq mi","2,388/km2",43°03′48″N 87°58′00″W﻿ / ﻿43.0633°N 87.9667°W,https://en.wikipedia.org//wiki/Milwaukee,617 ft (188 m),UTC−6 (CST)
32,32,Albuquerque,New Mexico,560218,545852,+2.63%,188.2 sq mi,487.4 km2,"2,972/sq mi","1,147/km2",35°06′20″N 106°38′51″W﻿ / ﻿35.1056°N 106.6474°W,"https://en.wikipedia.org//wiki/Albuquerque,_New_Mexico","5,312 ft (1,619.1 m)",UTC−7 (MST)
33,33,Tucson,Arizona,545975,520116,+4.97%,230.8 sq mi,597.8 km2,"2,299/sq mi",888/km2,32°09′11″N 110°52′14″W﻿ / ﻿32.1531°N 110.8706°W,"https://en.wikipedia.org//wiki/Tucson,_Arizona","2,389 ft (728 m)",UTC−7 (MST (no DST))
34,34,Fresno,California,530093,494665,+7.16%,114.4 sq mi,296.3 km2,"4,563/sq mi","1,762/km2",36°47′01″N 119°47′36″W﻿ / ﻿36.7836°N 119.7934°W,"https://en.wikipedia.org//wiki/Fresno,_California",308 ft (94 m),UTC−08:00 (Pacific)
35,35,Mesa,Arizona,508958,439041,+15.92%,137.9 sq mi,357.2 km2,"3,514/sq mi","1,357/km2",33°24′07″N 111°43′03″W﻿ / ﻿33.4019°N 111.7174°W,"https://en.wikipedia.org//wiki/Mesa,_Arizona","1,240 ft (377.952 m)",UTC−7 (MST (no DST))
36,36,Sacramento,California,508529,466488,+9.01%,97.9 sq mi,253.6 km2,"5,059/sq mi","1,953/km2",38°34′00″N 121°28′07″W﻿ / ﻿38.5666°N 121.4686°W,"https://en.wikipedia.org//wiki/Sacramento,_California",30 ft (9 m),UTC−8 (PST)
37,37,Atlanta,Georgia,498044,420003,+18.58%,133.5 sq mi,345.8 km2,"3,539/sq mi","1,366/km2",33°45′46″N 84°25′22″W﻿ / ﻿33.7629°N 84.4227°W,https://en.wikipedia.org//wiki/Atlanta,"738 to 1,050 ft (225 to 320 m)",UTC−5 (EST)
38,38,Kansas City,Missouri,491918,459787,+6.99%,315.0 sq mi,815.8 km2,"1,528/sq mi",590/km2,39°07′30″N 94°33′04″W﻿ / ﻿39.1251°N 94.5510°W,"https://en.wikipedia.org//wiki/Kansas_City,_Missouri",910 ft (277 m),UTC– 06:00 (CST)
39,39,Colorado Springs,Colorado,472688,416427,+13.51%,195.6 sq mi,506.6 km2,"2,378/sq mi",918/km2,38°52′02″N 104°45′39″W﻿ / ﻿38.8673°N 104.7607°W,"https://en.wikipedia.org//wiki/Colorado_Springs,_Colorado","6,035 ft (1,839 m)",UTC−7 (MST)
40,40,Miami,Florida,470914,399457,+17.89%,36.0 sq mi,93.2 km2,"12,599/sq mi","4,865/km2",25°46′31″N 80°12′31″W﻿ / ﻿25.7752°N 80.2086°W,https://en.wikipedia.org//wiki/Miami,6 ft (2 m),UTC−5 (Eastern (EST))
41,41,Raleigh,North Carolina,469298,403892,+16.19%,145.1 sq mi,375.8 km2,"3,163/sq mi","1,221/km2",35°49′50″N 78°38′30″W﻿ / ﻿35.8306°N 78.6418°W,"https://en.wikipedia.org//wiki/Raleigh,_North_Carolina",315 ft (96 m),UTC−05:00 (EST)
42,42,Omaha,Nebraska,468262,408958,+14.50%,133.2 sq mi,345.0 km2,"3,356/sq mi","1,296/km2",41°15′52″N 96°02′42″W﻿ / ﻿41.2644°N 96.0451°W,"https://en.wikipedia.org//wiki/Omaha,_Nebraska","1,090 ft (332 m)",UTC−06:00 (CST)
43,43,Long Beach,California,467354,462257,+1.10%,50.3 sq mi,130.3 km2,"9,347/sq mi","3,609/km2",33°48′33″N 118°09′19″W﻿ / ﻿33.8092°N 118.1553°W,"https://en.wikipedia.org//wiki/Long_Beach,_California",52 ft (16 m),UTC−08:00 (Pacific)
44,44,Virginia Beach,Virginia,450189,437994,+2.78%,244.7 sq mi,633.8 km2,"1,850/sq mi",710/km2,36°46′48″N 76°01′31″W﻿ / ﻿36.7800°N 76.0252°W,"https://en.wikipedia.org//wiki/Virginia_Beach,_Virginia",10 ft (3 m),UTC−5 (EST)
45,45,Oakland,California,429082,390724,+9.82%,55.9 sq mi,144.8 km2,"7,514/sq mi","2,901/km2",37°46′11″N 122°13′33″W﻿ / ﻿37.7698°N 122.2257°W,"https://en.wikipedia.org//wiki/Oakland,_California",43 ft (13 m),UTC−08:00 (Pacific)
46,46,Minneapolis,Minnesota,425403,382578,+11.19%,54.0 sq mi,139.9 km2,"7,660/sq mi","2,960/km2",44°57′48″N 93°16′06″W﻿ / ﻿44.9633°N 93.2683°W,https://en.wikipedia.org//wiki/Minneapolis,830 ft (264 m),UTC–6 (CST)
47,47,Tulsa,Oklahoma,400669,391906,+2.24%,196.8 sq mi,509.7 km2,"2,048/sq mi",791/km2,36°07′40″N 95°54′08″W﻿ / ﻿36.1279°N 95.9023°W,"https://en.wikipedia.org//wiki/Tulsa,_Oklahoma",722 ft (194 m),UTC−6 (CST)
48,48,Arlington,Texas,398112,365438,+8.94%,95.8 sq mi,248.1 km2,"4,100/sq mi","1,600/km2",32°42′03″N 97°07′29″W﻿ / ﻿32.7007°N 97.1247°W,"https://en.wikipedia.org//wiki/Arlington,_Texas",604 ft (184 m),UTC−6 (CST)
49,49,Tampa,Florida,392890,335709,+17.03%,113.4 sq mi,293.7 km2,"3,326/sq mi","1,284/km2",27°58′12″N 82°28′47″W﻿ / ﻿27.9701°N 82.4797°W,"https://en.wikipedia.org//wiki/Tampa,_Florida",48 ft (14.6 m),UTC−5 (EST)
50,50,New Orleans,Louisiana,391006,343829,+13.72%,169.4 sq mi,438.7 km2,"2,311/sq mi",892/km2,30°03′12″N 89°56′04″W﻿ / ﻿30.0534°N 89.9345°W,https://en.wikipedia.org//wiki/New_Orleans,−6.5 to 20 ft (−2 to 6 m),UTC−6 (CST)
51,51,Wichita,Kansas,389255,382368,+1.80%,160.4 sq mi,415.4 km2,"2,431/sq mi",939/km2,37°41′27″N 97°20′45″W﻿ / ﻿37.6907°N 97.3459°W,"https://en.wikipedia.org//wiki/Wichita,_Kansas","1,302 ft (397 m)",UTC−6 (CST)
52,52,Cleveland,Ohio,383793,396815,−3.28%,77.7 sq mi,201.2 km2,"4,965/sq mi","1,917/km2",41°28′43″N 81°40′46″W﻿ / ﻿41.4785°N 81.6794°W,https://en.wikipedia.org//wiki/Cleveland,653 ft (199 m),UTC−5 (EST)
53,53,Bakersfield,California,383579,347483,+10.39%,148.8 sq mi,385.4 km2,"2,529/sq mi",976/km2,35°19′16″N 119°01′06″W﻿ / ﻿35.3212°N 119.0183°W,"https://en.wikipedia.org//wiki/Bakersfield,_California",404 ft (123 m),UTC−8 (Pacific)
54,54,Aurora,Colorado,374114,325078,+15.08%,153.5 sq mi,397.6 km2,"2,356/sq mi",910/km2,39°41′17″N 104°41′23″W﻿ / ﻿39.6880°N 104.6897°W,"https://en.wikipedia.org//wiki/Aurora,_Colorado","5,403 ft (1,647 m)",UTC−7 (MST)
55,55,Anaheim,California,352005,336265,+4.68%,50.0 sq mi,129.5 km2,"7,021/sq mi","2,711/km2",33°51′20″N 117°45′36″W﻿ / ﻿33.8555°N 117.7601°W,"https://en.wikipedia.org//wiki/Anaheim,_California",157 ft (48 m),UTC−8 (Pacific)
56,56,Honolulu,Hawaii,347397,337256,+3.01%,60.5 sq mi,156.7 km2,"5,815/sq mi","2,245/km2",21°19′27″N 157°50′51″W﻿ / ﻿21.3243°N 157.8476°W,https://en.wikipedia.org//wiki/Honolulu,19 ft (6 m),UTC−10 (Hawaiian (HST))
57,57,Santa Ana,California,332725,324528,+2.53%,27.1 sq mi,70.2 km2,"12,333/sq mi","4,762/km2",33°44′11″N 117°52′59″W﻿ / ﻿33.7363°N 117.8830°W,"https://en.wikipedia.org//wiki/Santa_Ana,_California",115 ft (35 m),UTC−8 (Pacific)
58,58,Riverside,California,330063,303871,+8.62%,81.2 sq mi,210.3 km2,"3,999/sq mi","1,544/km2",33°56′17″N 117°23′36″W﻿ / ﻿33.9381°N 117.3932°W,"https://en.wikipedia.org//wiki/Riverside,_California",827 ft (252 m),UTC−8 (Pacific)
59,59,Corpus Christi,Texas,326554,305215,+6.99%,174.6 sq mi,452.2 km2,"1,866/sq mi",720/km2,27°45′15″N 97°10′24″W﻿ / ﻿27.7543°N 97.1734°W,"https://en.wikipedia.org//wiki/Corpus_Christi,_Texas",7 ft (2 m),UTC−6 (CST)
60,60,Lexington,Kentucky,323780,295803,+9.46%,283.6 sq mi,734.5 km2,"1,123/sq mi",434/km2,38°02′27″N 84°27′30″W﻿ / ﻿38.0407°N 84.4583°W,"https://en.wikipedia.org//wiki/Lexington,_Kentucky",978 ft (298 m),UTC−5 (EST)
61,61,Stockton,California,311178,291707,+6.67%,61.7 sq mi,159.8 km2,"4,977/sq mi","1,922/km2",37°58′35″N 121°18′48″W﻿ / ﻿37.9763°N 121.3133°W,"https://en.wikipedia.org//wiki/Stockton,_California",13 ft (4 m),UTC−8 (Pacific)
62,62,Henderson,Nevada,310390,257729,+20.43%,104.7 sq mi,271.2 km2,"2,798/sq mi","1,080/km2",36°00′35″N 115°02′09″W﻿ / ﻿36.0097°N 115.0357°W,"https://en.wikipedia.org//wiki/Henderson,_Nevada","1,864 ft (569 m)",UTC−8 (PST)
63,63,Saint Paul,Minnesota,307695,285068,+7.94%,52.0 sq mi,134.7 km2,"5,815/sq mi","2,245/km2",44°56′56″N 93°06′15″W﻿ / ﻿44.9489°N 93.1041°W,"https://en.wikipedia.org//wiki/Saint_Paul,_Minnesota",795 ft (214 m),UTC−6 (CST)
64,64,St. Louis,Missouri,302838,319294,−5.15%,62.0 sq mi,160.6 km2,"5,023/sq mi","1,939/km2",38°38′09″N 90°14′41″W﻿ / ﻿38.6357°N 90.2446°W,https://en.wikipedia.org//wiki/St._Louis,466 ft (142 m),UTC−6 (CST)
65,65,Cincinnati,Ohio,302605,296943,+1.91%,77.4 sq mi,200.5 km2,"3,860/sq mi","1,490/km2",39°08′25″N 84°30′21″W﻿ / ﻿39.1402°N 84.5058°W,https://en.wikipedia.org//wiki/Cincinnati,147 m (482 ft),UTC−5 (EST)
66,66,Pittsburgh,Pennsylvania,301048,305704,−1.52%,55.4 sq mi,143.5 km2,"5,481/sq mi","2,116/km2",40°26′23″N 79°58′36″W﻿ / ﻿40.4398°N 79.9766°W,https://en.wikipedia.org//wiki/Pittsburgh,"1,370 ft (420 m)",UTC−5 (Eastern Standard Time)
67,67,Greensboro,North Carolina,294722,269666,+9.29%,128.3 sq mi,332.3 km2,"2,237/sq mi",864/km2,36°05′42″N 79°49′37″W﻿ / ﻿36.0951°N 79.8270°W,"https://en.wikipedia.org//wiki/Greensboro,_North_Carolina",897 ft (272 m),UTC−5 (EST)
68,68,Anchorage,Alaska,291538,291826,−0.10%,"1,706.6 sq mi","4,420.1 km2",175/sq mi,68/km2,61°10′27″N 149°17′03″W﻿ / ﻿61.1743°N 149.2843°W,"https://en.wikipedia.org//wiki/Anchorage,_Alaska",102 ft (31 m),UTC-9 (AKST)
69,69,Plano,Texas,288061,259841,+10.86%,71.7 sq mi,185.7 km2,"3,990/sq mi","1,540/km2",33°03′03″N 96°44′52″W﻿ / ﻿33.0508°N 96.7479°W,"https://en.wikipedia.org//wiki/Plano,_Texas",666 ft (203 m),UTC−6 (CST)
70,70,Lincoln,Nebraska,287401,258379,+11.23%,92.1 sq mi,238.5 km2,"3,044/sq mi","1,175/km2",40°48′38″N 96°40′49″W﻿ / ﻿40.8105°N 96.6803°W,"https://en.wikipedia.org//wiki/Lincoln,_Nebraska","1,176 ft (358 m)",UTC-6 (CST)
71,71,Orlando,Florida,285713,238300,+19.90%,105.2 sq mi,272.5 km2,"2,635/sq mi","1,017/km2",28°25′00″N 81°16′25″W﻿ / ﻿28.4166°N 81.2736°W,"https://en.wikipedia.org//wiki/Orlando,_Florida",25 m (82 ft),UTC−5 (Eastern (EST))
72,72,Irvine,California,282572,212375,+33.05%,65.6 sq mi,169.9 km2,"4,057/sq mi","1,566/km2",33°40′42″N 117°46′17″W﻿ / ﻿33.6784°N 117.7713°W,"https://en.wikipedia.org//wiki/Irvine,_California",56 ft (17 m),UTC−8 (Pacific)
73,73,Newark,New Jersey,282090,277140,+1.79%,24.1 sq mi,62.4 km2,"11,691/sq mi","4,514/km2",40°43′27″N 74°10′21″W﻿ / ﻿40.7242°N 74.1726°W,"https://en.wikipedia.org//wiki/Newark,_New_Jersey",13 ft (4 m),UTC−5 (Eastern (EST))
74,74,Toledo,Ohio,274975,287208,−4.26%,80.7 sq mi,209.0 km2,"3,451/sq mi","1,332/km2",41°39′51″N 83°34′55″W﻿ / ﻿41.6641°N 83.5819°W,"https://en.wikipedia.org//wiki/Toledo,_Ohio",614 ft (187 m),UTC−5 (EST)
75,75,Durham,North Carolina,274291,228330,+20.13%,109.8 sq mi,284.4 km2,"2,395/sq mi",925/km2,35°58′52″N 78°54′10″W﻿ / ﻿35.9811°N 78.9029°W,"https://en.wikipedia.org//wiki/Durham,_North_Carolina",404 ft (123 m),UTC−5 (EST)
76,76,Chula Vista,California,271651,243916,+11.37%,49.6 sq mi,128.5 km2,"5,387/sq mi","2,080/km2",32°37′40″N 117°00′55″W﻿ / ﻿32.6277°N 117.0152°W,"https://en.wikipedia.org//wiki/Chula_Vista,_California",66 ft (20 m),UTC-8 (PST)
77,77,Fort Wayne,Indiana,267633,253691,+5.50%,110.6 sq mi,286.5 km2,"2,391/sq mi",923/km2,41°05′18″N 85°08′38″W﻿ / ﻿41.0882°N 85.1439°W,"https://en.wikipedia.org//wiki/Fort_Wayne,_Indiana",810 ft (247 m),UTC−05:00 (EST)
78,78,Jersey City,New Jersey,265549,247597,+7.25%,14.8 sq mi,38.3 km2,"17,848/sq mi","6,891/km2",40°42′41″N 74°03′53″W﻿ / ﻿40.7114°N 74.0648°W,"https://en.wikipedia.org//wiki/Jersey_City,_New_Jersey",20 ft (6 m),UTC−5 (EST)
79,79,St. Petersburg,Florida,265098,244769,+8.31%,61.8 sq mi,160.1 km2,"4,223/sq mi","1,631/km2",27°45′43″N 82°38′39″W﻿ / ﻿27.7620°N 82.6441°W,"https://en.wikipedia.org//wiki/St._Petersburg,_Florida",44 ft (13.4 m),UTC−5 (Eastern (EST))
80,80,Laredo,Texas,261639,236091,+10.82%,101.1 sq mi,261.8 km2,"2,544/sq mi",982/km2,27°33′37″N 99°29′21″W﻿ / ﻿27.5604°N 99.4892°W,"https://en.wikipedia.org//wiki/Laredo,_Texas",438 ft (137.2 m),UTC−6 (CST)
81,81,Madison,Wisconsin,258054,233209,+10.65%,77.0 sq mi,199.4 km2,"3,280/sq mi","1,270/km2",43°05′16″N 89°25′48″W﻿ / ﻿43.0878°N 89.4299°W,"https://en.wikipedia.org//wiki/Madison,_Wisconsin",873 ft (226 m),UTC−6 (Central)
82,82,Chandler,Arizona,257165,236123,+8.91%,64.9 sq mi,168.1 km2,"3,813/sq mi","1,472/km2",33°16′58″N 111°51′18″W﻿ / ﻿33.2829°N 111.8549°W,"https://en.wikipedia.org//wiki/Chandler,_Arizona","1,214 ft (370 m)",UTC−7 (MST (no DST))
83,83,Buffalo,New York,256304,261310,−1.92%,40.4 sq mi,104.6 km2,"6,359/sq mi","2,455/km2",42°53′33″N 78°51′35″W﻿ / ﻿42.8925°N 78.8597°W,"https://en.wikipedia.org//wiki/Buffalo,_New_York",600 ft (183 m),UTC−05:00 (EST)
84,84,Lubbock,Texas,255885,229573,+11.46%,124.6 sq mi,322.7 km2,"2,027/sq mi",783/km2,33°33′56″N 101°53′12″W﻿ / ﻿33.5656°N 101.8867°W,"https://en.wikipedia.org//wiki/Lubbock,_Texas","3,202 ft (976 m)",UTC−6 (CST)
85,85,Scottsdale,Arizona,255310,217385,+17.45%,183.9 sq mi,476.3 km2,"1,341/sq mi",518/km2,33°41′03″N 111°51′40″W﻿ / ﻿33.6843°N 111.8611°W,"https://en.wikipedia.org//wiki/Scottsdale,_Arizona","1,257 ft (380 m)",UTC−7 (MST (no DST))
86,86,Reno,Nevada,250998,225221,+11.45%,107.3 sq mi,277.9 km2,"2,286/sq mi",883/km2,39°32′57″N 119°51′00″W﻿ / ﻿39.5491°N 119.8499°W,"https://en.wikipedia.org//wiki/Reno,_Nevada","4,505.6 ft (1,373 m)",UTC−8 (Pacific (PST))
87,87,Glendale,Arizona,250702,226721,+10.58%,59.1 sq mi,153.1 km2,"4,161/sq mi","1,607/km2",33°31′59″N 112°11′24″W﻿ / ﻿33.5331°N 112.1899°W,"https://en.wikipedia.org//wiki/Glendale,_Arizona","1,152 ft (351 m)",UTC-7 (MST (no DST))
88,88,Gilbert,Arizona,248279,208453,+19.11%,68.0 sq mi,176.1 km2,"3,487/sq mi","1,346/km2",33°18′37″N 111°44′35″W﻿ / ﻿33.3103°N 111.7431°W,"https://en.wikipedia.org//wiki/Gilbert,_Arizona","1,237 ft (377 m)",UTC-7 (MST (no DST))
89,89,Winston–Salem,North Carolina,246328,229617,+7.28%,132.5 sq mi,343.2 km2,"1,828/sq mi",706/km2,36°06′10″N 80°15′40″W﻿ / ﻿36.1027°N 80.2610°W,"https://en.wikipedia.org//wiki/Winston%E2%80%93Salem,_North_Carolina",970 ft (300 m),UTC−5 (Eastern)
90,90,North Las Vegas,Nevada,245949,216961,+13.36%,98.0 sq mi,253.8 km2,"2,436/sq mi",941/km2,36°17′09″N 115°05′38″W﻿ / ﻿36.2857°N 115.0939°W,"https://en.wikipedia.org//wiki/North_Las_Vegas,_Nevada","2,205 ft (672 m)",UTC-8 (PST)
91,91,Norfolk,Virginia,244076,242803,+0.52%,53.3 sq mi,138.0 km2,"4,599/sq mi","1,776/km2",36°55′23″N 76°14′41″W﻿ / ﻿36.9230°N 76.2446°W,"https://en.wikipedia.org//wiki/Norfolk,_Virginia",7 ft (2.13 m),UTC−5 (EST)
92,92,Chesapeake,Virginia,242634,222209,+9.19%,338.5 sq mi,876.7 km2,703/sq mi,271/km2,36°40′46″N 76°18′06″W﻿ / ﻿36.6794°N 76.3018°W,"https://en.wikipedia.org//wiki/Chesapeake,_Virginia",0,UTC−5 (EST)
93,93,Garland,Texas,242507,226876,+6.89%,57.0 sq mi,147.6 km2,"4,122/sq mi","1,592/km2",32°54′35″N 96°37′49″W﻿ / ﻿32.9098°N 96.6303°W,"https://en.wikipedia.org//wiki/Garland,_Texas",551 ft (168 m),UTC-6 (CST)
94,94,Irving,Texas,242242,216290,+12.00%,67.0 sq mi,173.5 km2,"3,557/sq mi","1,373/km2",32°51′28″N 96°58′12″W﻿ / ﻿32.8577°N 96.9700°W,"https://en.wikipedia.org//wiki/Irving,_Texas",482 ft (147 m),UTC-6 (CST)
95,95,Hialeah,Florida,238942,224669,+6.35%,21.5 sq mi,55.7 km2,"10,995/sq mi","4,245/km2",25°52′12″N 80°18′10″W﻿ / ﻿25.8699°N 80.3029°W,"https://en.wikipedia.org//wiki/Hialeah,_Florida",7 ft (2 m),UTC−5 (EST)
96,96,Fremont,California,237807,214089,+11.08%,77.5 sq mi,200.7 km2,"3,008/sq mi","1,161/km2",37°29′40″N 121°56′28″W﻿ / ﻿37.4945°N 121.9412°W,"https://en.wikipedia.org//wiki/Fremont,_California",56 ft (17 m),UTC−8 (Pacific)
97,97,Boise,Idaho,228790,205671,+11.24%,82.1 sq mi,212.6 km2,"2,718/sq mi","1,049/km2",43°36′01″N 116°13′54″W﻿ / ﻿43.6002°N 116.2317°W,"https://en.wikipedia.org//wiki/Boise,_Idaho","2,730 ft (830 m)",UTC−7 (MST)
98,98,Richmond,Virginia,228783,204214,+12.03%,59.8 sq mi,154.9 km2,"3,732/sq mi","1,441/km2",37°31′53″N 77°28′34″W﻿ / ﻿37.5314°N 77.4760°W,"https://en.wikipedia.org//wiki/Richmond,_Virginia",166.45 ft (45.7 m),UTC-5 (EST)
99,99,Baton Rouge,Louisiana,221599,229493,−3.44%,85.9 sq mi,222.5 km2,"2,651/sq mi","1,024/km2",30°26′32″N 91°07′51″W﻿ / ﻿30.4422°N 91.1309°W,"https://en.wikipedia.org//wiki/Baton_Rouge,_Louisiana",56 ft (17 m),UTC−6 (CST)
100,100,Spokane,Washington,219190,208916,+4.92%,68.7 sq mi,177.9 km2,"3,144/sq mi","1,214/km2",47°40′01″N 117°26′00″W﻿ / ﻿47.6669°N 117.4333°W,"https://en.wikipedia.org//wiki/Spokane,_Washington","1,843 ft (562 m)",UTC−8 (PST)
101,101,Des Moines,Iowa,216853,203433,+6.60%,88.9 sq mi,230.2 km2,"2,424/sq mi",936/km2,41°34′21″N 93°36′37″W﻿ / ﻿41.5726°N 93.6102°W,"https://en.wikipedia.org//wiki/Des_Moines,_Iowa",955 ft (291 m),UTC-6 (CST)
102,102,Tacoma,Washington,216279,198397,+9.01%,49.7 sq mi,128.7 km2,"4,251/sq mi","1,641/km2",47°15′08″N 122°27′35″W﻿ / ﻿47.2522°N 122.4598°W,"https://en.wikipedia.org//wiki/Tacoma,_Washington",243 ft (74 m),UTC−8 (PST)
103,103,San Bernardino,California,215941,209924,+2.87%,61.5 sq mi,159.3 km2,"3,516/sq mi","1,358/km2",34°08′30″N 117°17′37″W﻿ / ﻿34.1416°N 117.2936°W,"https://en.wikipedia.org//wiki/San_Bernardino,_California","1,053 ft (321 m)",UTC−8 (Pacific)
104,104,Modesto,California,215030,201165,+6.89%,43.0 sq mi,111.4 km2,"4,934/sq mi","1,905/km2",37°38′15″N 121°00′11″W﻿ / ﻿37.6375°N 121.0030°W,"https://en.wikipedia.org//wiki/Modesto,_California",89 ft (27 m),UTC−8 (Pacific)
105,105,Fontana,California,213739,196069,+9.01%,43.0 sq mi,111.4 km2,"4,876/sq mi","1,883/km2",34°06′32″N 117°27′46″W﻿ / ﻿34.1090°N 117.4629°W,"https://en.wikipedia.org//wiki/Fontana,_California","1,237 ft (377 m)",UTC-8 (PST)
106,106,Santa Clarita,California,210089,176320,+19.15%,52.8 sq mi,136.8 km2,"3,446/sq mi","1,331/km2",34°24′11″N 118°30′15″W﻿ / ﻿34.4030°N 118.5042°W,"https://en.wikipedia.org//wiki/Santa_Clarita,_California","1,207 ft (368 m)",UTC−08:00 (Pacific)
107,107,Birmingham,Alabama,209880,212237,−1.11%,146.1 sq mi,378.4 km2,"1,452/sq mi",561/km2,33°31′39″N 86°47′56″W﻿ / ﻿33.5274°N 86.7990°W,"https://en.wikipedia.org//wiki/Birmingham,_Alabama",644 ft (196 m),UTC−6 (CST)
108,108,Oxnard,California,209877,197899,+6.05%,26.9 sq mi,69.7 km2,"7,729/sq mi","2,984/km2",34°12′08″N 119°12′17″W﻿ / ﻿34.2023°N 119.2046°W,"https://en.wikipedia.org//wiki/Oxnard,_California",52 ft (16 m),UTC−8 (Pacific)
109,109,Fayetteville,North Carolina,209468,200564,+4.44%,147.7 sq mi,382.5 km2,"1,386/sq mi",535/km2,35°04′58″N 78°58′25″W﻿ / ﻿35.0828°N 78.9735°W,"https://en.wikipedia.org//wiki/Fayetteville,_North_Carolina",263 ft (80 m),UTC−5 (Eastern (EST))
110,110,Moreno Valley,California,209050,193365,+8.11%,51.3 sq mi,132.9 km2,"4,006/sq mi","1,547/km2",33°55′24″N 117°12′21″W﻿ / ﻿33.9233°N 117.2057°W,"https://en.wikipedia.org//wiki/Moreno_Valley,_California","1,631 ft (497 m)",UTC−8 (Pacific)
111,111,Rochester,New York,206284,210565,−2.03%,35.8 sq mi,92.7 km2,"5,835/sq mi","2,253/km2",43°10′12″N 77°37′01″W﻿ / ﻿43.1699°N 77.6169°W,"https://en.wikipedia.org//wiki/Rochester,_New_York",505 ft (154 m),UTC−5 (EST)
112,112,Glendale,California,201361,191719,+5.03%,30.4 sq mi,78.7 km2,"6,606/sq mi","2,551/km2",34°10′53″N 118°14′45″W﻿ / ﻿34.1814°N 118.2458°W,"https://en.wikipedia.org//wiki/Glendale,_California",522 ft (159 m),UTC−8 (Pacific)
113,113,Huntington Beach,California,200641,189992,+5.60%,26.9 sq mi,69.7 km2,"7,459/sq mi","2,880/km2",33°41′26″N 118°00′33″W﻿ / ﻿33.6906°N 118.0093°W,"https://en.wikipedia.org//wiki/Huntington_Beach,_California",39 ft (12 m),UTC−8 (Pacific)
114,114,Salt Lake City,Utah,200591,186440,+7.59%,111.2 sq mi,288.0 km2,"1,742/sq mi",673/km2,40°46′37″N 111°55′52″W﻿ / ﻿40.7769°N 111.9310°W,https://en.wikipedia.org//wiki/Salt_Lake_City,"4,226 ft (1,288 m)",UTC−7 (Mountain)
115,115,Grand Rapids,Michigan,200217,188040,+6.48%,44.4 sq mi,115.0 km2,"4,424/sq mi","1,708/km2",42°57′40″N 85°39′20″W﻿ / ﻿42.9612°N 85.6556°W,"https://en.wikipedia.org//wiki/Grand_Rapids,_Michigan",640 ft (200 m),UTC-5 (EST)
116,116,Amarillo,Texas,199924,190695,+4.84%,101.4 sq mi,262.6 km2,"1,968/sq mi",760/km2,35°12′00″N 101°49′49″W﻿ / ﻿35.1999°N 101.8302°W,"https://en.wikipedia.org//wiki/Amarillo,_Texas","3,605 ft (1,099 m)",UTC−6 (CST)
117,117,Yonkers,New York,199663,195976,+1.88%,18.0 sq mi,46.6 km2,"11,156/sq mi","4,307/km2",40°56′45″N 73°52′03″W﻿ / ﻿40.9459°N 73.8674°W,"https://en.wikipedia.org//wiki/Yonkers,_New_York",82 ft (25 m),UTC-5 (EST)
118,118,Aurora,Illinois,199602,197899,+0.86%,44.9 sq mi,116.3 km2,"4,479/sq mi","1,729/km2",41°45′49″N 88°17′24″W﻿ / ﻿41.7635°N 88.2901°W,"https://en.wikipedia.org//wiki/Aurora,_Illinois",718 ft (219 m),UTC−6 (CST)
119,119,Montgomery,Alabama,198218,205764,−3.67%,159.8 sq mi,413.9 km2,"1,252/sq mi",483/km2,32°20′50″N 86°15′58″W﻿ / ﻿32.3472°N 86.2661°W,"https://en.wikipedia.org//wiki/Montgomery,_Alabama",240 ft (73 m),UTC−6 (CST)
120,120,Akron,Ohio,198006,199110,−0.55%,62.0 sq mi,160.6 km2,"3,188/sq mi","1,231/km2",41°04′50″N 81°31′17″W﻿ / ﻿41.0805°N 81.5214°W,"https://en.wikipedia.org//wiki/Akron,_Ohio","1,004 ft (306 m)",UTC-5 (Eastern (EST))
121,121,Little Rock,Arkansas,197881,193524,+2.25%,118.7 sq mi,307.4 km2,"1,673/sq mi",646/km2,34°43′31″N 92°21′31″W﻿ / ﻿34.7254°N 92.3586°W,"https://en.wikipedia.org//wiki/Little_Rock,_Arkansas",335 ft (102 m),UTC-6 (CST)
122,122,Huntsville,Alabama,197318,180105,+9.56%,213.4 sq mi,552.7 km2,905/sq mi,349/km2,34°41′56″N 86°40′23″W﻿ / ﻿34.6990°N 86.6730°W,"https://en.wikipedia.org//wiki/Huntsville,_Alabama",600 ft (183 m),UTC−6 (CST)
123,123,Augusta,Georgia,196939,195844,+0.56%,302.5 sq mi,783.5 km2,652/sq mi,252/km2,33°21′56″N 82°04′24″W﻿ / ﻿33.3655°N 82.0734°W,"https://en.wikipedia.org//wiki/Augusta,_Georgia",136 ft (45 m),UTC-5 (EST)
124,124,Port St. Lucie,Florida,195248,164603,+18.62%,118.9 sq mi,307.9 km2,"1,557/sq mi",601/km2,27°16′50″N 80°23′18″W﻿ / ﻿27.2806°N 80.3883°W,"https://en.wikipedia.org//wiki/Port_St._Lucie,_Florida",16 ft (5 m),UTC−5 (Eastern (EST))
125,125,Grand Prairie,Texas,194614,175396,+10.96%,72.3 sq mi,187.3 km2,"2,637/sq mi","1,018/km2",32°41′13″N 97°01′16″W﻿ / ﻿32.6869°N 97.0211°W,"https://en.wikipedia.org//wiki/Grand_Prairie,_Texas",515 ft (157 m),UTC-6 (CST)
126,126,Columbus,Georgia,194160,189885,+2.25%,216.4 sq mi,560.5 km2,913/sq mi,353/km2,32°30′37″N 84°52′30″W﻿ / ﻿32.5102°N 84.8749°W,"https://en.wikipedia.org//wiki/Columbus,_Georgia",243 ft (74 m),UTC−5 (EST)
127,127,Tallahassee,Florida,193551,181376,+6.71%,100.4 sq mi,260.0 km2,"1,901/sq mi",734/km2,30°27′18″N 84°15′12″W﻿ / ﻿30.4551°N 84.2534°W,"https://en.wikipedia.org//wiki/Tallahassee,_Florida",203 ft (62 m),UTC−5 (Eastern (EST))
128,128,Overland Park,Kansas,192536,173372,+11.05%,75.1 sq mi,194.5 km2,"2,516/sq mi",971/km2,38°53′20″N 94°41′26″W﻿ / ﻿38.8890°N 94.6906°W,"https://en.wikipedia.org//wiki/Overland_Park,_Kansas","1,086 ft (331 m)",UTC-6 (CST)
129,129,Tempe,Arizona,192364,161719,+18.95%,40.0 sq mi,103.6 km2,"4,562/sq mi","1,761/km2",33°23′18″N 111°55′54″W﻿ / ﻿33.3884°N 111.9318°W,"https://en.wikipedia.org//wiki/Tempe,_Arizona","1,140–1,495 ft (347.47 – 455.68 m)",UTC−7 (MST (no DST))
130,130,McKinney,Texas,191645,131117,+46.16%,63.0 sq mi,163.2 km2,"2,735/sq mi","1,056/km2",33°11′55″N 96°40′05″W﻿ / ﻿33.1985°N 96.6680°W,"https://en.wikipedia.org//wiki/McKinney,_Texas",630 ft (192 m),UTC−6 (CST)
131,131,Mobile,Alabama,189572,195111,−2.84%,139.4 sq mi,361.0 km2,"1,384/sq mi",534/km2,30°40′06″N 88°06′01″W﻿ / ﻿30.6684°N 88.1002°W,"https://en.wikipedia.org//wiki/Mobile,_Alabama",10 ft (3 m),UTC−6 (CST)
132,132,Cape Coral,Florida,189343,154305,+22.71%,105.6 sq mi,273.5 km2,"1,703/sq mi",658/km2,26°38′36″N 81°59′51″W﻿ / ﻿26.6432°N 81.9974°W,"https://en.wikipedia.org//wiki/Cape_Coral,_Florida",5 ft (2 m),UTC−05:00 (EST)
133,133,Shreveport,Louisiana,188987,199311,−5.18%,107.1 sq mi,277.4 km2,"1,820/sq mi",700/km2,32°28′01″N 93°47′32″W﻿ / ﻿32.4669°N 93.7922°W,"https://en.wikipedia.org//wiki/Shreveport,_Louisiana",154 to 253 ft (46 to 77.1 m),UTC−6 (CST)
134,134,Frisco,Texas,188170,116989,+60.84%,67.7 sq mi,175.3 km2,"2,417/sq mi",933/km2,33°09′19″N 96°49′21″W﻿ / ﻿33.1554°N 96.8226°W,"https://en.wikipedia.org//wiki/Frisco,_Texas",774 ft (236 m),UTC-6 (CST)
135,135,Knoxville,Tennessee,187500,178874,+4.82%,98.5 sq mi,255.1 km2,"1,891/sq mi",730/km2,35°58′15″N 83°56′57″W﻿ / ﻿35.9707°N 83.9493°W,"https://en.wikipedia.org//wiki/Knoxville,_Tennessee",886 ft (270 m),UTC−5 (EST)
136,136,Worcester,Massachusetts,185877,181045,+2.67%,37.4 sq mi,96.9 km2,"4,933/sq mi","1,905/km2",42°16′10″N 71°48′28″W﻿ / ﻿42.2695°N 71.8078°W,"https://en.wikipedia.org//wiki/Worcester,_Massachusetts",480 ft (146 m),UTC-5 (Eastern)
137,137,Brownsville,Texas,183392,175023,+4.78%,132.5 sq mi,343.2 km2,"1,387/sq mi",536/km2,25°59′57″N 97°27′18″W﻿ / ﻿25.9991°N 97.4550°W,"https://en.wikipedia.org//wiki/Brownsville,_Texas",33 ft (10 m),UTC-6 (CST)
138,138,Vancouver,Washington,183012,161791,+13.12%,46.9 sq mi,121.5 km2,"3,728/sq mi","1,439/km2",45°38′06″N 122°35′45″W﻿ / ﻿45.6349°N 122.5957°W,"https://en.wikipedia.org//wiki/Vancouver,_Washington",171 ft (52 m),UTC−8 (Pacific)
139,139,Fort Lauderdale,Florida,182595,165521,+10.32%,34.6 sq mi,89.6 km2,"5,166/sq mi","1,995/km2",26°08′28″N 80°08′48″W﻿ / ﻿26.1412°N 80.1467°W,"https://en.wikipedia.org//wiki/Fort_Lauderdale,_Florida",9 ft (2.75 m),UTC−5 (Eastern (EST))
140,140,Sioux Falls,South Dakota,181883,153888,+18.19%,75.4 sq mi,195.3 km2,"2,312/sq mi",893/km2,43°32′18″N 96°43′55″W﻿ / ﻿43.5383°N 96.7320°W,"https://en.wikipedia.org//wiki/Sioux_Falls,_South_Dakota","1,470 ft (448 m)",UTC−6 (Central)
141,141,Ontario,California,181107,163924,+10.48%,49.9 sq mi,129.2 km2,"3,471/sq mi","1,340/km2",34°02′22″N 117°36′15″W﻿ / ﻿34.0394°N 117.6042°W,"https://en.wikipedia.org//wiki/Ontario,_California","1,004 ft (306 m)",UTC−8 (Pacific)
142,142,Chattanooga,Tennessee,180557,167674,+7.68%,143.1 sq mi,370.6 km2,"1,241/sq mi",479/km2,35°03′58″N 85°14′54″W﻿ / ﻿35.0660°N 85.2484°W,"https://en.wikipedia.org//wiki/Chattanooga,_Tennessee",676 ft (206 m),UTC-5 (EST)
143,143,Providence,Rhode Island,179335,178042,+0.73%,18.4 sq mi,47.7 km2,"9,740/sq mi","3,760/km2",41°49′23″N 71°25′08″W﻿ / ﻿41.8231°N 71.4188°W,"https://en.wikipedia.org//wiki/Providence,_Rhode_Island",23 m (75 ft),UTC−5 (Eastern Time Zone)
144,144,Newport News,Virginia,178626,180719,−1.16%,69.1 sq mi,179.0 km2,"2,631/sq mi","1,016/km2",37°04′34″N 76°31′19″W﻿ / ﻿37.0762°N 76.5220°W,"https://en.wikipedia.org//wiki/Newport_News,_Virginia",15 ft (4.5 m),UTC−5 (EST)
145,145,Rancho Cucamonga,California,177751,165269,+7.55%,40.0 sq mi,103.6 km2,"4,413/sq mi","1,704/km2",34°07′24″N 117°33′51″W﻿ / ﻿34.1233°N 117.5642°W,"https://en.wikipedia.org//wiki/Rancho_Cucamonga,_California","1,207 ft (368 m)",UTC−8 (PST)
146,146,Santa Rosa,California,177586,167815,+5.82%,41.3 sq mi,107.0 km2,"4,241/sq mi","1,637/km2",38°26′48″N 122°42′22″W﻿ / ﻿38.4468°N 122.7061°W,"https://en.wikipedia.org//wiki/Santa_Rosa,_California",164 ft (50 m),UTC−8 (Pacific)
147,147,Oceanside,California,176080,167086,+5.38%,41.3 sq mi,107.0 km2,"4,249/sq mi","1,641/km2",33°13′28″N 117°18′22″W﻿ / ﻿33.2245°N 117.3062°W,"https://en.wikipedia.org//wiki/Oceanside,_California",66 ft (20 m),UTC−8 (Pacific)
148,148,Salem,Oregon,173442,154637,+12.16%,48.6 sq mi,125.9 km2,"3,445/sq mi","1,330/km2",44°55′25″N 123°01′24″W﻿ / ﻿44.9237°N 123.0232°W,"https://en.wikipedia.org//wiki/Salem,_Oregon",154 ft (46.7 m),UTC−8 (PST)
149,149,Elk Grove,California,172886,153015,+12.99%,42.2 sq mi,109.3 km2,"4,022/sq mi","1,553/km2",38°24′53″N 121°23′06″W﻿ / ﻿38.4146°N 121.3850°W,"https://en.wikipedia.org//wiki/Elk_Grove,_California",46 ft (14 m),UTC-8 (Pacific)
150,150,Garden Grove,California,172646,170883,+1.03%,18.0 sq mi,46.6 km2,"9,714/sq mi","3,751/km2",33°46′44″N 117°57′38″W﻿ / ﻿33.7788°N 117.9605°W,"https://en.wikipedia.org//wiki/Garden_Grove,_California",89 ft (27 m),UTC-8 (Pacific)
151,151,Pembroke Pines,Florida,172374,154019,+11.92%,33.0 sq mi,85.5 km2,"5,109/sq mi","1,973/km2",26°01′16″N 80°20′25″W﻿ / ﻿26.0210°N 80.3404°W,"https://en.wikipedia.org//wiki/Pembroke_Pines,_Florida",7 ft (2 m),UTC−5 (Eastern (EST))
152,152,Peoria,Arizona,172259,154065,+11.81%,175.7 sq mi,455.1 km2,934/sq mi,361/km2,33°47′10″N 112°18′29″W﻿ / ﻿33.7862°N 112.3080°W,"https://en.wikipedia.org//wiki/Peoria,_Arizona","1,142 ft (348 m)",UTC−7 (MST (no DST))
153,153,Eugene,Oregon,171245,156185,+9.64%,44.1 sq mi,114.2 km2,"3,777/sq mi","1,458/km2",44°03′24″N 123°06′58″W﻿ / ﻿44.0567°N 123.1162°W,"https://en.wikipedia.org//wiki/Eugene,_Oregon",430 ft (131 m),UTC-8 (PST)
154,154,Corona,California,168819,152374,+10.79%,39.5 sq mi,102.3 km2,"4,222/sq mi","1,630/km2",33°51′43″N 117°33′56″W﻿ / ﻿33.8620°N 117.5655°W,"https://en.wikipedia.org//wiki/Corona,_California",679 ft (207 m),UTC-8 (Pacific)
155,155,Cary,North Carolina,168160,135234,+24.35%,56.5 sq mi,146.3 km2,"2,873/sq mi","1,109/km2",35°46′51″N 78°48′48″W﻿ / ﻿35.7809°N 78.8133°W,"https://en.wikipedia.org//wiki/Cary,_North_Carolina",495 ft (151 m),UTC-5 (EST)
156,156,Springfield,Missouri,168122,159498,+5.41%,82.3 sq mi,213.2 km2,"2,033/sq mi",785/km2,37°11′39″N 93°17′29″W﻿ / ﻿37.1942°N 93.2913°W,"https://en.wikipedia.org//wiki/Springfield,_Missouri","1,299 ft (396 m)",UTC−6 (CST)
157,157,Fort Collins,Colorado,167830,143986,+16.56%,55.8 sq mi,144.5 km2,"2,943/sq mi","1,136/km2",40°32′54″N 105°03′53″W﻿ / ﻿40.5482°N 105.0648°W,"https://en.wikipedia.org//wiki/Fort_Collins,_Colorado","5,003 ft (1,525 m)",UTC−7 (MST)
158,158,Jackson,Mississippi,164422,173514,−5.24%,111.0 sq mi,287.5 km2,"1,524/sq mi",588/km2,32°18′57″N 90°12′46″W﻿ / ﻿32.3158°N 90.2128°W,"https://en.wikipedia.org//wiki/Jackson,_Mississippi",279 ft (85 m),UTC−6 (CST)
159,159,Alexandria,Virginia,160530,139966,+14.69%,15.0 sq mi,38.8 km2,"10,387/sq mi","4,010/km2",38°49′12″N 77°05′03″W﻿ / ﻿38.8201°N 77.0841°W,"https://en.wikipedia.org//wiki/Alexandria,_Virginia",39 ft (12 m),UTC-5 (EST)
160,160,Hayward,California,159620,144186,+10.70%,45.5 sq mi,117.8 km2,"3,493/sq mi","1,349/km2",37°37′43″N 122°06′09″W﻿ / ﻿37.6287°N 122.1024°W,"https://en.wikipedia.org//wiki/Hayward,_California",105 ft (32 m),UTC−8 (Pacific)
161,161,Lancaster,California,159053,156633,+1.55%,94.3 sq mi,244.2 km2,"1,698/sq mi",656/km2,34°41′37″N 118°10′31″W﻿ / ﻿34.6936°N 118.1753°W,"https://en.wikipedia.org//wiki/Lancaster,_California","2,359 ft (719 m)",UTC-8 (Pacific)
162,162,Lakewood,Colorado,156798,142980,+9.66%,42.9 sq mi,111.1 km2,"3,599/sq mi","1,390/km2",39°41′56″N 105°07′03″W﻿ / ﻿39.6989°N 105.1176°W,"https://en.wikipedia.org//wiki/Lakewood,_Colorado","5,518 ft (1,682 m)",UTC-7 (MST)
163,163,Clarksville,Tennessee,156794,132929,+17.95%,98.3 sq mi,254.6 km2,"1,529/sq mi",590/km2,36°33′59″N 87°20′43″W﻿ / ﻿36.5664°N 87.3452°W,"https://en.wikipedia.org//wiki/Clarksville,_Tennessee",476 ft (145 m),UTC−6 (CST)
164,164,Palmdale,California,156667,152750,+2.56%,106.0 sq mi,274.5 km2,"1,484/sq mi",573/km2,34°35′28″N 118°06′19″W﻿ / ﻿34.5910°N 118.1054°W,"https://en.wikipedia.org//wiki/Palmdale,_California","2,657 ft (810 m)",UTC−8 (Pacific Time Zone)
165,165,Salinas,California,156259,150441,+3.87%,23.6 sq mi,61.1 km2,"6,662/sq mi","2,572/km2",36°41′25″N 121°38′01″W﻿ / ﻿36.6902°N 121.6337°W,"https://en.wikipedia.org//wiki/Salinas,_California",52 ft (16 m),UTC−8 (Pacific)
166,166,Springfield,Massachusetts,155032,153060,+1.29%,31.9 sq mi,82.6 km2,"4,830/sq mi","1,860/km2",42°06′56″N 72°32′24″W﻿ / ﻿42.1155°N 72.5400°W,"https://en.wikipedia.org//wiki/Springfield,_Massachusetts",70 ft (21 m),UTC−5 (Eastern)
167,167,Hollywood,Florida,154823,140768,+9.98%,27.3 sq mi,70.7 km2,"5,568/sq mi","2,150/km2",26°01′52″N 80°09′53″W﻿ / ﻿26.0310°N 80.1646°W,"https://en.wikipedia.org//wiki/Hollywood,_Florida",9 ft (3 m),UTC−5 (EST)
168,168,Pasadena,Texas,153219,149043,+2.80%,43.5 sq mi,112.7 km2,"3,525/sq mi","1,361/km2",29°39′31″N 95°09′02″W﻿ / ﻿29.6586°N 95.1506°W,"https://en.wikipedia.org//wiki/Pasadena,_Texas",30 ft (9.1 m),UTC−6 (CST)
169,169,Sunnyvale,California,153185,140081,+9.35%,22.0 sq mi,57.0 km2,"6,944/sq mi","2,681/km2",37°23′09″N 122°01′35″W﻿ / ﻿37.3858°N 122.0263°W,"https://en.wikipedia.org//wiki/Sunnyvale,_California",125 ft (38 m),UTC−8 (PST)
170,170,Macon,Georgia,153095,91351,+67.59%,249.3 sq mi,645.7 km2,612/sq mi,236/km2,32°48′32″N 83°41′39″W﻿ / ﻿32.8088°N 83.6942°W,"https://en.wikipedia.org//wiki/Macon,_Georgia",116 m (381 ft),UTC−5 (EST)
171,171,Kansas City,Kansas,152958,145786,+4.92%,124.8 sq mi,323.2 km2,"1,216/sq mi",470/km2,39°07′21″N 94°44′30″W﻿ / ﻿39.1225°N 94.7418°W,"https://en.wikipedia.org//wiki/Kansas_City,_Kansas",869 ft (265 m),UTC−6 (CST)
172,172,Pomona,California,152361,149058,+2.22%,23.0 sq mi,59.6 km2,"6,630/sq mi","2,560/km2",34°03′31″N 117°45′40″W﻿ / ﻿34.0585°N 117.7611°W,"https://en.wikipedia.org//wiki/Pomona,_California",850 ft (259 m),UTC−8 (Pacific)
173,173,Escondido,California,152213,143911,+5.77%,37.1 sq mi,96.1 km2,"4,087/sq mi","1,578/km2",33°07′59″N 117°04′26″W﻿ / ﻿33.1331°N 117.0740°W,"https://en.wikipedia.org//wiki/Escondido,_California",646 ft (197 m),UTC−8 (Pacific)
174,174,Killeen,Texas,149103,127921,+16.56%,53.5 sq mi,138.6 km2,"2,680/sq mi","1,030/km2",31°04′40″N 97°43′55″W﻿ / ﻿31.0777°N 97.7320°W,"https://en.wikipedia.org//wiki/Killeen,_Texas",890 ft (270 m),UTC-6 (Central (CST))
175,175,Naperville,Illinois,148304,141853,+4.55%,38.7 sq mi,100.2 km2,"3,802/sq mi","1,468/km2",41°44′57″N 88°09′43″W﻿ / ﻿41.7492°N 88.1620°W,"https://en.wikipedia.org//wiki/Naperville,_Illinois",702 ft (214 m),UTC−6 (CST)
176,176,Joliet,Illinois,148099,147433,+0.45%,64.4 sq mi,166.8 km2,"2,302/sq mi",889/km2,41°31′04″N 88°08′56″W﻿ / ﻿41.5177°N 88.1488°W,"https://en.wikipedia.org//wiki/Joliet,_Illinois",614 ft (187 m),UTC-6 (CST)
177,177,Bellevue,Washington,147599,122363,+20.62%,33.5 sq mi,86.8 km2,"4,221/sq mi","1,630/km2",47°35′52″N 122°09′23″W﻿ / ﻿47.5979°N 122.1565°W,"https://en.wikipedia.org//wiki/Bellevue,_Washington",85 ft (26 m),UTC−8 (PST)
178,178,Rockford,Illinois,146526,152871,−4.15%,63.5 sq mi,164.5 km2,"2,325/sq mi",898/km2,42°15′32″N 89°03′53″W﻿ / ﻿42.2588°N 89.0646°W,"https://en.wikipedia.org//wiki/Rockford,_Illinois",728 ft (222 m),UTC−6 (CST)
179,179,Savannah,Georgia,145862,136286,+7.03%,103.6 sq mi,268.3 km2,"1,417/sq mi",547/km2,32°00′09″N 81°09′13″W﻿ / ﻿32.0025°N 81.1536°W,"https://en.wikipedia.org//wiki/Savannah,_Georgia",49 ft (15 m),UTC−5 (EST)
180,180,Paterson,New Jersey,145627,146199,−0.39%,8.4 sq mi,21.8 km2,"17,500/sq mi","6,800/km2",40°54′53″N 74°09′46″W﻿ / ﻿40.9148°N 74.1628°W,"https://en.wikipedia.org//wiki/Paterson,_New_Jersey",112 ft (34.1376 m),UTC−5 (Eastern (EST))
181,181,Torrance,California,145182,145438,−0.18%,20.5 sq mi,53.1 km2,"7,180/sq mi","2,770/km2",33°50′06″N 118°20′29″W﻿ / ﻿33.8350°N 118.3414°W,"https://en.wikipedia.org//wiki/Torrance,_California",89 ft (27 m),UTC−8 (Pacific)
182,182,Bridgeport,Connecticut,144900,144229,+0.47%,16.1 sq mi,41.7 km2,"9,064/sq mi","3,500/km2",41°11′15″N 73°11′45″W﻿ / ﻿41.1874°N 73.1958°W,"https://en.wikipedia.org//wiki/Bridgeport,_Connecticut",3 ft (1 m),UTC-5 (Eastern)
183,183,McAllen,Texas,143433,129877,+10.44%,58.4 sq mi,151.3 km2,"2,435/sq mi",940/km2,26°13′56″N 98°14′47″W﻿ / ﻿26.2322°N 98.2464°W,"https://en.wikipedia.org//wiki/McAllen,_Texas",121.4 ft (37.1 m),UTC−6 (CST)
184,184,Mesquite,Texas,142816,139824,+2.14%,47.2 sq mi,122.2 km2,"3,045/sq mi","1,176/km2",32°45′46″N 96°35′20″W﻿ / ﻿32.7629°N 96.5888°W,"https://en.wikipedia.org//wiki/Mesquite,_Texas",495 ft (151 m),UTC-6 (CST)
185,185,Syracuse,New York,142749,145170,−1.67%,25.0 sq mi,64.7 km2,"5,735/sq mi","2,214/km2",43°02′28″N 76°08′37″W﻿ / ﻿43.0410°N 76.1436°W,"https://en.wikipedia.org//wiki/Syracuse,_New_York",380 ft (116 m),UTC−5 (Eastern)
186,186,Midland,Texas,142344,111147,+28.07%,74.4 sq mi,192.7 km2,"1,809/sq mi",698/km2,32°01′29″N 102°06′49″W﻿ / ﻿32.0246°N 102.1135°W,"https://en.wikipedia.org//wiki/Midland,_Texas","2,782 ft (848 m)",UTC−6 (CST)
187,187,Pasadena,California,141371,137122,+3.10%,23.0 sq mi,59.6 km2,"6,176/sq mi","2,385/km2",34°09′38″N 118°08′23″W﻿ / ﻿34.1606°N 118.1396°W,"https://en.wikipedia.org//wiki/Pasadena,_California",863 ft (263 m),UTC−8 (Pacific)
188,188,Murfreesboro,Tennessee,141344,108755,+29.97%,55.9 sq mi,144.8 km2,"2,360/sq mi",910/km2,35°51′08″N 86°24′58″W﻿ / ﻿35.8522°N 86.4160°W,"https://en.wikipedia.org//wiki/Murfreesboro,_Tennessee",610 ft (186 m),UTC−6 (CST)
189,189,Miramar,Florida,140823,122041,+15.39%,29.4 sq mi,76.1 km2,"4,709/sq mi","1,818/km2",25°58′37″N 80°20′09″W﻿ / ﻿25.9770°N 80.3358°W,"https://en.wikipedia.org//wiki/Miramar,_Florida",9 ft (2 m),UTC-5 (EST)
190,190,Dayton,Ohio,140640,141527,−0.63%,55.7 sq mi,144.3 km2,"2,522/sq mi",974/km2,39°46′39″N 84°11′59″W﻿ / ﻿39.7774°N 84.1996°W,"https://en.wikipedia.org//wiki/Dayton,_Ohio",738 ft (225 m),UTC-5 (EST)
191,191,Fullerton,California,139640,135161,+3.31%,22.4 sq mi,58.0 km2,"6,282/sq mi","2,425/km2",33°53′09″N 117°55′41″W﻿ / ﻿33.8857°N 117.9280°W,"https://en.wikipedia.org//wiki/Fullerton,_California",164 ft (50 m),UTC-8 (PST)
192,192,Olathe,Kansas,139605,125872,+10.91%,60.9 sq mi,157.7 km2,"2,225/sq mi",859/km2,38°53′03″N 94°49′10″W﻿ / ﻿38.8843°N 94.8195°W,"https://en.wikipedia.org//wiki/Olathe,_Kansas","1,037 ft (316 m)",UTC-6 (CST)
193,193,Orange,California,139484,136416,+2.25%,25.4 sq mi,65.8 km2,"5,532/sq mi","2,136/km2",33°47′13″N 117°51′41″W﻿ / ﻿33.7870°N 117.8613°W,"https://en.wikipedia.org//wiki/Orange,_California",190 ft (58 m),UTC−08:00 (Pacific)
194,194,Thornton,Colorado,139436,118772,+17.40%,35.7 sq mi,92.5 km2,"3,829/sq mi","1,478/km2",39°55′10″N 104°56′34″W﻿ / ﻿39.9194°N 104.9428°W,"https://en.wikipedia.org//wiki/Thornton,_Colorado","5,351 ft (1,631 m)",UTC−7 (MST)
195,195,Roseville,California,139117,118788,+17.11%,43.0 sq mi,111.4 km2,"3,085/sq mi","1,191/km2",38°46′08″N 121°19′08″W﻿ / ﻿38.7690°N 121.3189°W,"https://en.wikipedia.org//wiki/Roseville,_California",164 ft (50 m),UTC−8 (Pacific)
196,196,Denton,Texas,138541,113383,+22.19%,93.4 sq mi,241.9 km2,"1,433/sq mi",553/km2,33°13′00″N 97°08′29″W﻿ / ﻿33.2166°N 97.1414°W,"https://en.wikipedia.org//wiki/Denton,_Texas",642 ft (195 m),UTC-6 (CST)
197,197,Waco,Texas,138183,124805,+10.72%,89.0 sq mi,230.5 km2,"1,510/sq mi",580/km2,31°33′36″N 97°11′10″W﻿ / ﻿31.5601°N 97.1860°W,"https://en.wikipedia.org//wiki/Waco,_Texas",470 ft (143.3 m),UTC−6 (Central)
198,198,Surprise,Arizona,138161,117517,+17.57%,107.9 sq mi,279.5 km2,"1,230/sq mi",470/km2,33°40′14″N 112°27′10″W﻿ / ﻿33.6706°N 112.4527°W,"https://en.wikipedia.org//wiki/Surprise,_Arizona","1,175 ft (358 m)",UTC-7 (MST (no DST))
199,199,Carrollton,Texas,136879,119097,+14.93%,36.3 sq mi,94.0 km2,"3,674/sq mi","1,419/km2",32°59′18″N 96°53′59″W﻿ / ﻿32.9884°N 96.8998°W,"https://en.wikipedia.org//wiki/Carrollton,_Texas",528 ft (161 m),UTC-6 (Central)
200,200,West Valley City,Utah,136401,129480,+5.35%,35.5 sq mi,91.9 km2,"3,847/sq mi","1,485/km2",40°41′19″N 112°00′42″W﻿ / ﻿40.6885°N 112.0118°W,"https://en.wikipedia.org//wiki/West_Valley_City,_Utah","4,304 ft (1,312 m)",UTC−7 (Mountain (MST))
201,201,Charleston,South Carolina,136208,120083,+13.43%,109.0 sq mi,282.3 km2,"1,233/sq mi",476/km2,32°49′04″N 79°57′32″W﻿ / ﻿32.8179°N 79.9590°W,"https://en.wikipedia.org//wiki/Charleston,_South_Carolina",20 ft (6 m),UTC-5 (EST)
202,202,Warren,Michigan,134587,134056,+0.40%,34.4 sq mi,89.1 km2,"3,928/sq mi","1,517/km2",42°29′34″N 83°01′30″W﻿ / ﻿42.4929°N 83.0250°W,"https://en.wikipedia.org//wiki/Warren,_Michigan",627 ft (191 m),UTC-5 (Eastern (EST))
203,203,Hampton,Virginia,134313,137436,−2.27%,51.5 sq mi,133.4 km2,"2,629/sq mi","1,015/km2",37°02′53″N 76°17′50″W﻿ / ﻿37.0480°N 76.2971°W,"https://en.wikipedia.org//wiki/Hampton,_Virginia",10 ft (3 m),UTC-5 (EST)
204,204,Gainesville,Florida,133857,124354,+7.64%,62.3 sq mi,161.4 km2,"2,112/sq mi",815/km2,29°40′44″N 82°20′46″W﻿ / ﻿29.6788°N 82.3461°W,"https://en.wikipedia.org//wiki/Gainesville,_Florida",151 ft (54 m),UTC−5 (EST)
205,205,Visalia,California,133800,124442,+7.52%,37.5 sq mi,97.1 km2,"3,495/sq mi","1,349/km2",36°19′38″N 119°19′44″W﻿ / ﻿36.3273°N 119.3289°W,"https://en.wikipedia.org//wiki/Visalia,_California",331 ft (101 m),UTC-8 (PST)
206,206,Coral Springs,Florida,133507,121096,+10.25%,23.8 sq mi,61.6 km2,"5,465/sq mi","2,110/km2",26°16′15″N 80°15′33″W﻿ / ﻿26.2707°N 80.2593°W,"https://en.wikipedia.org//wiki/Coral_Springs,_Florida",13 ft (3 m),UTC-5 (EST)
207,207,Columbia,South Carolina,133451,129272,+3.23%,133.5 sq mi,345.8 km2,"1,006/sq mi",388/km2,34°01′45″N 80°53′53″W﻿ / ﻿34.0291°N 80.8980°W,"https://en.wikipedia.org//wiki/Columbia,_South_Carolina",292 ft (89 m),UTC-5 (Eastern (EST))
208,208,Cedar Rapids,Iowa,133174,126326,+5.42%,70.8 sq mi,183.4 km2,"1,852/sq mi",715/km2,41°58′01″N 91°40′40″W﻿ / ﻿41.9670°N 91.6778°W,"https://en.wikipedia.org//wiki/Cedar_Rapids,_Iowa",810 ft (247 m),UTC-6 (CST)
209,209,Sterling Heights,Michigan,132964,129699,+2.52%,36.5 sq mi,94.5 km2,"3,628/sq mi","1,401/km2",42°34′52″N 83°01′49″W﻿ / ﻿42.5812°N 83.0303°W,"https://en.wikipedia.org//wiki/Sterling_Heights,_Michigan",614 ft (187 m),UTC−5 (Eastern (EST))
210,210,New Haven,Connecticut,130418,129779,+0.49%,18.7 sq mi,48.4 km2,"6,948/sq mi","2,683/km2",41°18′39″N 72°55′30″W﻿ / ﻿41.3108°N 72.9250°W,"https://en.wikipedia.org//wiki/New_Haven,_Connecticut",59 ft (18 m),UTC−5 (Eastern)
211,211,Stamford,Connecticut,129775,122643,+5.82%,37.6 sq mi,97.4 km2,"3,434/sq mi","1,326/km2",41°04′48″N 73°32′46″W﻿ / ﻿41.0799°N 73.5460°W,"https://en.wikipedia.org//wiki/Stamford,_Connecticut",23 ft (7 m),UTC-5 (Eastern)
212,212,Concord,California,129688,122067,+6.24%,30.5 sq mi,79.0 km2,"4,221/sq mi","1,630/km2",37°58′20″N 122°00′06″W﻿ / ﻿37.9722°N 122.0016°W,"https://en.wikipedia.org//wiki/Concord,_California",75 ft (23 m),UTC−8 (Pacific)
213,213,Kent,Washington,129618,92411,+40.26%,33.7 sq mi,87.3 km2,"3,784/sq mi","1,461/km2",47°23′17″N 122°12′46″W﻿ / ﻿47.3880°N 122.2127°W,"https://en.wikipedia.org//wiki/Kent,_Washington",43-500 ft (13-152 m),UTC-8 (PST)
214,214,Santa Clara,California,129488,116468,+11.18%,18.4 sq mi,47.7 km2,"6,845/sq mi","2,643/km2",37°21′53″N 121°58′04″W﻿ / ﻿37.3646°N 121.9679°W,"https://en.wikipedia.org//wiki/Santa_Clara,_California",72 ft (22 m),UTC−8 (Pacific)
215,215,Elizabeth,New Jersey,128885,124969,+3.13%,12.3 sq mi,31.9 km2,"10,459/sq mi","4,038/km2",40°39′59″N 74°11′37″W﻿ / ﻿40.6664°N 74.1935°W,"https://en.wikipedia.org//wiki/Elizabeth,_New_Jersey",16 ft (5 m),UTC−05:00 (Eastern (EST))
216,216,Round Rock,Texas,128739,99887,+28.88%,35.6 sq mi,92.2 km2,"3,396/sq mi","1,311/km2",30°31′31″N 97°39′58″W﻿ / ﻿30.5252°N 97.6660°W,"https://en.wikipedia.org//wiki/Round_Rock,_Texas",735 ft (224 m),UTC−6 (Central (CST))
217,217,Thousand Oaks,California,127690,126683,+0.79%,55.2 sq mi,143.0 km2,"2,335/sq mi",902/km2,34°11′36″N 118°52′27″W﻿ / ﻿34.1933°N 118.8742°W,"https://en.wikipedia.org//wiki/Thousand_Oaks,_California",886 ft (270 m),UTC−8 (Pacific)
218,218,Lafayette,Louisiana,126143,120623,+4.58%,53.8 sq mi,139.3 km2,"2,372/sq mi",916/km2,30°12′27″N 92°01′43″W﻿ / ﻿30.2074°N 92.0285°W,"https://en.wikipedia.org//wiki/Lafayette,_Louisiana",36 ft (11 m),UTC-6 (CST)
219,219,Athens,Georgia,125964,115452,+9.11%,116.4 sq mi,301.5 km2,"1,060/sq mi",410/km2,33°56′59″N 83°22′12″W﻿ / ﻿33.9496°N 83.3701°W,"https://en.wikipedia.org//wiki/Athens,_Georgia",636 ft (194 m),UTC−5 (EST)
220,220,Topeka,Kansas,125904,127473,−1.23%,61.5 sq mi,159.3 km2,"2,062/sq mi",796/km2,39°02′05″N 95°41′46″W﻿ / ﻿39.0347°N 95.6962°W,"https://en.wikipedia.org//wiki/Topeka,_Kansas",945 ft (288 m),UTC-6 (CST)
221,221,Simi Valley,California,125851,124237,+1.30%,41.5 sq mi,107.5 km2,"3,044/sq mi","1,175/km2",34°16′01″N 118°44′55″W﻿ / ﻿34.2669°N 118.7485°W,"https://en.wikipedia.org//wiki/Simi_Valley,_California",768 ft (234 m),UTC−8 (Pacific)
222,222,Fargo,North Dakota,124844,105549,+18.28%,49.3 sq mi,127.7 km2,"2,450/sq mi",950/km2,46°51′55″N 96°49′44″W﻿ / ﻿46.8652°N 96.8290°W,"https://en.wikipedia.org//wiki/Fargo,_North_Dakota",904 ft (274 m),UTC-6 (CST)
223,223,Norman,Oklahoma,123471,110925,+11.31%,178.8 sq mi,463.1 km2,683/sq mi,264/km2,35°14′26″N 97°20′43″W﻿ / ﻿35.2406°N 97.3453°W,"https://en.wikipedia.org//wiki/Norman,_Oklahoma","1,171 ft (357 m)",UTC−6 (Central (CST))
224,224,Columbia,Missouri,123180,108500,+13.53%,65.0 sq mi,168.3 km2,"1,856/sq mi",717/km2,38°57′06″N 92°19′43″W﻿ / ﻿38.951561°N 92.328638°W,"https://en.wikipedia.org//wiki/Columbia,_Missouri",758 ft (231 m),UTC-6 (CST)
225,225,Abilene,Texas,122999,117063,+5.07%,106.7 sq mi,276.4 km2,"1,146/sq mi",442/km2,32°27′16″N 99°44′17″W﻿ / ﻿32.4545°N 99.7381°W,"https://en.wikipedia.org//wiki/Abilene,_Texas","1,719 ft (527 m)",UTC−6 (CST)
226,226,Wilmington,North Carolina,122607,106476,+15.15%,51.6 sq mi,133.6 km2,"2,278/sq mi",880/km2,34°12′33″N 77°53′09″W﻿ / ﻿34.2092°N 77.8858°W,"https://en.wikipedia.org//wiki/Wilmington,_North_Carolina",30 ft (9 m),UTC−5 (Eastern (EST))
227,227,Hartford,Connecticut,122587,124775,−1.75%,17.4 sq mi,45.1 km2,"7,083/sq mi","2,735/km2",41°45′57″N 72°40′54″W﻿ / ﻿41.7659°N 72.6816°W,"https://en.wikipedia.org//wiki/Hartford,_Connecticut",59 ft (18 m),UTC−5 (EST)
228,228,Victorville,California,122312,115903,+5.53%,73.3 sq mi,189.8 km2,"1,668/sq mi",644/km2,34°31′40″N 117°21′13″W﻿ / ﻿34.5277°N 117.3536°W,"https://en.wikipedia.org//wiki/Victorville,_California","2,726 ft (831 m)",UTC-8 (Pacific Time Zone)
229,229,Pearland,Texas,122149,91252,+33.86%,46.3 sq mi,119.9 km2,"2,453/sq mi",947/km2,29°33′21″N 95°19′23″W﻿ / ﻿29.5558°N 95.3231°W,"https://en.wikipedia.org//wiki/Pearland,_Texas",49 ft (15 m),UTC−6 (Central (CST))
230,230,Vallejo,California,121913,115942,+5.15%,30.7 sq mi,79.5 km2,"3,951/sq mi","1,525/km2",38°06′28″N 122°15′50″W﻿ / ﻿38.1079°N 122.2640°W,"https://en.wikipedia.org//wiki/Vallejo,_California",69 ft (21 m),UTC−8 (Pacific)
231,231,Ann Arbor,Michigan,121890,113934,+6.98%,28.1 sq mi,72.8 km2,"4,298/sq mi","1,659/km2",42°16′34″N 83°43′51″W﻿ / ﻿42.2761°N 83.7309°W,"https://en.wikipedia.org//wiki/Ann_Arbor,_Michigan",840 ft (256 m),UTC-5 (EST)
232,232,Berkeley,California,121643,112580,+8.05%,10.5 sq mi,27.2 km2,"11,547/sq mi","4,458/km2",37°52′01″N 122°17′57″W﻿ / ﻿37.8670°N 122.2991°W,"https://en.wikipedia.org//wiki/Berkeley,_California",171 ft (52 m),UTC−8 (Pacific)
233,233,Allentown,Pennsylvania,121433,118032,+2.88%,17.5 sq mi,45.3 km2,"6,882/sq mi","2,657/km2",40°35′37″N 75°28′42″W﻿ / ﻿40.5936°N 75.4784°W,"https://en.wikipedia.org//wiki/Allentown,_Pennsylvania",338 ft (103 m),UTC−5 (EST)
234,234,Richardson,Texas,120981,99223,+21.93%,28.6 sq mi,74.1 km2,"3,963/sq mi","1,530/km2",32°58′20″N 96°42′29″W﻿ / ﻿32.9723°N 96.7081°W,"https://en.wikipedia.org//wiki/Richardson,_Texas",630 ft (192 m),UTC−6 (CST)
235,235,Odessa,Texas,120568,99940,+20.64%,45.2 sq mi,117.1 km2,"2,608/sq mi","1,007/km2",31°53′02″N 102°20′28″W﻿ / ﻿31.8838°N 102.3411°W,"https://en.wikipedia.org//wiki/Odessa,_Texas","2,900 ft (884 m)",UTC−6 (CST)
236,236,Arvada,Colorado,120492,106433,+13.21%,38.6 sq mi,100.0 km2,"3,043/sq mi","1,175/km2",39°50′01″N 105°09′01″W﻿ / ﻿39.8337°N 105.1503°W,"https://en.wikipedia.org//wiki/Arvada,_Colorado","5,344 ft (1,662 m)",UTC−7 (MST)
237,237,Cambridge,Massachusetts,118977,105162,+13.14%,6.4 sq mi,16.6 km2,"17,289/sq mi","6,675/km2",42°22′34″N 71°07′07″W﻿ / ﻿42.3760°N 71.1187°W,"https://en.wikipedia.org//wiki/Cambridge,_Massachusetts",40 ft (12 m),UTC−5 (Eastern)
238,238,Sugar Land,Texas,118600,91252,+29.97%,34.0 sq mi,88.1 km2,"3,488/sq mi","1,347/km2",29°35′58″N 95°36′51″W﻿ / ﻿29.5994°N 95.6142°W,"https://en.wikipedia.org//wiki/Sugar_Land,_Texas",100 ft (30 m),UTC−6 (Central (CST))
239,239,Beaumont,Texas,118428,118296,+0.11%,82.1 sq mi,212.6 km2,"1,441/sq mi",556/km2,30°05′06″N 94°08′43″W﻿ / ﻿30.0849°N 94.1453°W,"https://en.wikipedia.org//wiki/Beaumont,_Texas",16 ft (5 m),UTC−6 (CST)
240,240,Lansing,Michigan,118427,114297,+3.61%,39.1 sq mi,101.3 km2,"2,967/sq mi","1,146/km2",42°42′51″N 84°33′33″W﻿ / ﻿42.7143°N 84.5593°W,"https://en.wikipedia.org//wiki/Lansing,_Michigan",860 ft (262 m),UTC-5 (EST)
241,241,Evansville,Indiana,117963,117429,+0.45%,47.3 sq mi,122.5 km2,"2,526/sq mi",975/km2,37°59′16″N 87°32′05″W﻿ / ﻿37.9877°N 87.5347°W,"https://en.wikipedia.org//wiki/Evansville,_Indiana",387 ft (118 m),UTC-6 (CST)
242,242,Rochester,Minnesota,116961,106769,+9.55%,54.6 sq mi,141.4 km2,"2,088/sq mi",806/km2,44°00′55″N 92°28′38″W﻿ / ﻿44.0154°N 92.4772°W,"https://en.wikipedia.org//wiki/Rochester,_Minnesota","1,030 ft (401.4 m)",UTC−6 (CST)
243,243,Independence,Missouri,116925,116830,+0.08%,77.8 sq mi,201.5 km2,"1,504/sq mi",581/km2,39°05′08″N 94°21′08″W﻿ / ﻿39.0855°N 94.3521°W,"https://en.wikipedia.org//wiki/Independence,_Missouri","1,033 ft (315 m)",UTC−6 (Central (CST))
244,244,Fairfield,California,116884,105321,+10.98%,40.9 sq mi,105.9 km2,"2,806/sq mi","1,083/km2",38°15′33″N 122°01′56″W﻿ / ﻿38.2593°N 122.0321°W,"https://en.wikipedia.org//wiki/Fairfield,_California",13 ft (4 m),UTC−8 (Pacific)
245,245,Provo,Utah,116702,112488,+3.75%,41.7 sq mi,108.0 km2,"2,803/sq mi","1,082/km2",40°14′43″N 111°38′41″W﻿ / ﻿40.2453°N 111.6448°W,"https://en.wikipedia.org//wiki/Provo,_Utah","4,551 ft (1,387 m)",UTC−7 (Mountain (MST))
246,246,Clearwater,Florida,116478,107685,+8.17%,25.9 sq mi,67.1 km2,"4,415/sq mi","1,705/km2",27°58′44″N 82°46′00″W﻿ / ﻿27.9789°N 82.7666°W,"https://en.wikipedia.org//wiki/Clearwater,_Florida",30 ft (9 m),UTC-5 (Eastern (EST))
247,247,College Station,Texas,116218,93857,+23.82%,51.0 sq mi,132.1 km2,"2,199/sq mi",849/km2,30°35′07″N 96°17′47″W﻿ / ﻿30.5852°N 96.2964°W,"https://en.wikipedia.org//wiki/College_Station,_Texas",338 ft (103 m),UTC-6 (CST)
248,248,West Jordan,Utah,116046,103712,+11.89%,32.3 sq mi,83.7 km2,"3,520/sq mi","1,360/km2",40°36′09″N 112°00′03″W﻿ / ﻿40.6024°N 112.0008°W,"https://en.wikipedia.org//wiki/West_Jordan,_Utah","4,373 ft (1,333 m)",UTC−7 (Mountain (MST))
249,249,Carlsbad,California,115877,105328,+10.02%,37.7 sq mi,97.6 km2,"3,023/sq mi","1,167/km2",33°07′26″N 117°16′58″W﻿ / ﻿33.1239°N 117.2828°W,"https://en.wikipedia.org//wiki/Carlsbad,_California",52 ft (16 m),UTC−8 (Pacific)
250,250,El Monte,California,115586,113475,+1.86%,9.6 sq mi,24.9 km2,"12,063/sq mi","4,658/km2",34°04′29″N 118°01′45″W﻿ / ﻿34.0746°N 118.0291°W,"https://en.wikipedia.org//wiki/El_Monte,_California",299 ft (91 m),UTC−8 (Pacific)
251,251,Murrieta,California,114985,103466,+11.13%,33.6 sq mi,87.0 km2,"3,324/sq mi","1,283/km2",33°34′20″N 117°11′25″W﻿ / ﻿33.5721°N 117.1904°W,"https://en.wikipedia.org//wiki/Murrieta,_California","1,175 ft (334 m)",UTC−8 (Pacific)
252,252,Temecula,California,114742,100097,+14.63%,37.3 sq mi,96.6 km2,"3,031/sq mi","1,170/km2",33°29′35″N 117°07′54″W﻿ / ﻿33.4931°N 117.1317°W,"https://en.wikipedia.org//wiki/Temecula,_California","1,017 ft (310 m)",UTC−8 (Pacific)
253,253,Springfield,Illinois,114694,116250,−1.34%,60.1 sq mi,155.7 km2,"1,925/sq mi",743/km2,39°47′28″N 89°38′41″W﻿ / ﻿39.7911°N 89.6446°W,"https://en.wikipedia.org//wiki/Springfield,_Illinois",558 ft (170 m),UTC−6 (CST)
254,254,Palm Bay,Florida,114194,103190,+10.66%,65.7 sq mi,170.2 km2,"1,676/sq mi",647/km2,27°59′08″N 80°39′45″W﻿ / ﻿27.9856°N 80.6626°W,"https://en.wikipedia.org//wiki/Palm_Bay,_Florida",19 ft (5 m),UTC−5 (Eastern (EST))
255,255,Costa Mesa,California,113615,109960,+3.32%,15.7 sq mi,40.7 km2,"7,186/sq mi","2,775/km2",33°39′57″N 117°54′44″W﻿ / ﻿33.6659°N 117.9123°W,"https://en.wikipedia.org//wiki/Costa_Mesa,_California",98 ft (30 m),UTC-8 (PST)
256,256,Westminster,Colorado,113479,106114,+6.94%,31.7 sq mi,82.1 km2,"3,592/sq mi","1,387/km2",39°52′56″N 105°03′52″W﻿ / ﻿39.8822°N 105.0644°W,"https://en.wikipedia.org//wiki/Westminster,_Colorado","5,384 ft (1,641 m)",UTC−7 (MST)
257,257,North Charleston,South Carolina,113237,97471,+16.18%,73.7 sq mi,190.9 km2,"1,483/sq mi",573/km2,32°55′04″N 80°03′54″W﻿ / ﻿32.9178°N 80.0650°W,"https://en.wikipedia.org//wiki/North_Charleston,_South_Carolina",25 ft (6 m),UTC−5 (EST)
258,258,Miami Gardens,Florida,113069,107167,+5.51%,18.2 sq mi,47.1 km2,"6,212/sq mi","2,398/km2",25°56′56″N 80°14′37″W﻿ / ﻿25.9489°N 80.2436°W,"https://en.wikipedia.org//wiki/Miami_Gardens,_Florida",7 ft (2 m),UTC-5 (EST)
259,259,Manchester,New Hampshire,112525,109565,+2.70%,33.1 sq mi,85.7 km2,"3,339/sq mi","1,289/km2",42°59′06″N 71°26′39″W﻿ / ﻿42.9849°N 71.4441°W,"https://en.wikipedia.org//wiki/Manchester,_New_Hampshire",210 ft (64 m),UTC-5 (Eastern)
260,260,High Point,North Carolina,112316,104371,+7.61%,55.2 sq mi,143.0 km2,"2,015/sq mi",778/km2,35°59′24″N 79°59′26″W﻿ / ﻿35.9900°N 79.9905°W,"https://en.wikipedia.org//wiki/High_Point,_North_Carolina",938 ft (286 m),UTC−5 (EST)
261,261,Downey,California,112269,111772,+0.44%,12.4 sq mi,32.1 km2,"9,134/sq mi","3,527/km2",33°56′18″N 118°07′51″W﻿ / ﻿33.9382°N 118.1309°W,"https://en.wikipedia.org//wiki/Downey,_California",118 ft (36 m),UTC-8 (PST)
262,262,Clovis,California,112022,95631,+17.14%,24.2 sq mi,62.7 km2,"4,404/sq mi","1,700/km2",36°49′42″N 119°41′06″W﻿ / ﻿36.8282°N 119.6849°W,"https://en.wikipedia.org//wiki/Clovis,_California",361 ft (110 m),UTC−8 (Pacific)
263,263,Pompano Beach,Florida,111954,99845,+12.13%,24.0 sq mi,62.2 km2,"4,558/sq mi","1,760/km2",26°14′30″N 80°08′02″W﻿ / ﻿26.2416°N 80.1339°W,"https://en.wikipedia.org//wiki/Pompano_Beach,_Florida",13 ft (4 m),UTC−5 (EST)
264,264,Pueblo,Colorado,111750,106595,+4.84%,53.6 sq mi,138.8 km2,"2,058/sq mi",795/km2,38°16′12″N 104°36′44″W﻿ / ﻿38.2699°N 104.6123°W,"https://en.wikipedia.org//wiki/Pueblo,_Colorado","4,692 ft (1,430 m)",UTC−7 (MST)
265,265,Elgin,Illinois,111683,108188,+3.23%,37.4 sq mi,96.9 km2,"2,998/sq mi","1,158/km2",42°02′23″N 88°19′18″W﻿ / ﻿42.0396°N 88.3217°W,"https://en.wikipedia.org//wiki/Elgin,_Illinois",817 ft (249 m),UTC−6 (Central)
266,266,Lowell,Massachusetts,111670,106519,+4.84%,13.6 sq mi,35.2 km2,"8,129/sq mi","3,139/km2",42°38′20″N 71°19′16″W﻿ / ﻿42.6390°N 71.3211°W,"https://en.wikipedia.org//wiki/Lowell,_Massachusetts",102 ft (31 m),UTC−5 (Eastern)
267,267,Antioch,California,111535,102372,+8.95%,29.4 sq mi,76.1 km2,"3,772/sq mi","1,456/km2",37°58′45″N 121°47′46″W﻿ / ﻿37.9791°N 121.7962°W,"https://en.wikipedia.org//wiki/Antioch,_California",43 ft (13 m),UTC−8 (Pacific)
268,268,West Palm Beach,Florida,111398,99919,+11.49%,55.1 sq mi,142.7 km2,"1,963/sq mi",758/km2,26°44′47″N 80°07′30″W﻿ / ﻿26.7464°N 80.1251°W,"https://en.wikipedia.org//wiki/West_Palm_Beach,_Florida",13 ft (6.4 m),UTC−5 (EST)
269,269,Peoria,Illinois,111388,115007,−3.15%,48.2 sq mi,124.8 km2,"2,371/sq mi",915/km2,40°45′05″N 89°37′03″W﻿ / ﻿40.7515°N 89.6174°W,"https://en.wikipedia.org//wiki/Peoria,_Illinois",509 ft (155 m),UTC−6 (CST)
270,270,Everett,Washington,111262,103019,+8.00%,33.3 sq mi,86.2 km2,"3,275/sq mi","1,264/km2",47°57′24″N 122°11′29″W﻿ / ﻿47.9566°N 122.1914°W,"https://en.wikipedia.org//wiki/Everett,_Washington",0,UTC−8 (PST)
271,271,Ventura,California,111128,106433,+4.41%,21.8 sq mi,56.5 km2,"5,027/sq mi","1,941/km2",34°16′04″N 119°15′15″W﻿ / ﻿34.2678°N 119.2542°W,"https://en.wikipedia.org//wiki/Ventura,_California",36 ft (11 m),UTC−8 (Pacific)
272,272,Centennial,Colorado,110831,100377,+10.41%,29.5 sq mi,76.4 km2,"3,727/sq mi","1,439/km2",39°35′26″N 104°52′09″W﻿ / ﻿39.5906°N 104.8691°W,"https://en.wikipedia.org//wiki/Centennial,_Colorado","5,830 ft (1,777 m)",UTC-7 (MST)
273,273,Lakeland,Florida,110516,97422,+13.44%,65.9 sq mi,170.7 km2,"1,615/sq mi",624/km2,28°03′20″N 81°57′18″W﻿ / ﻿28.0555°N 81.9549°W,"https://en.wikipedia.org//wiki/Lakeland,_Florida",197 ft (60 m),UTC-5 (EST)
274,274,Gresham,Oregon,110158,105594,+4.32%,23.3 sq mi,60.3 km2,"4,786/sq mi","1,848/km2",45°30′08″N 122°26′30″W﻿ / ﻿45.5023°N 122.4416°W,"https://en.wikipedia.org//wiki/Gresham,_Oregon",325[2] ft (91.7 m),UTC−8 (Pacific)
275,275,Richmond,California,110146,103701,+6.21%,30.1 sq mi,78.0 km2,"3,648/sq mi","1,409/km2",37°57′08″N 122°21′38″W﻿ / ﻿37.9523°N 122.3606°W,"https://en.wikipedia.org//wiki/Richmond,_California",46 ft (14 m),UTC−8 (Pacific)
276,276,Billings,Montana,109550,104170,+5.16%,43.7 sq mi,113.2 km2,"2,525/sq mi",975/km2,45°47′19″N 108°33′00″W﻿ / ﻿45.7885°N 108.5499°W,"https://en.wikipedia.org//wiki/Billings,_Montana","3,123 ft (952 m)",UTC−7 (Mountain)
277,277,Inglewood,California,109419,109673,−0.23%,9.1 sq mi,23.6 km2,"12,160/sq mi","4,700/km2",33°57′22″N 118°20′39″W﻿ / ﻿33.9561°N 118.3443°W,"https://en.wikipedia.org//wiki/Inglewood,_California",131 ft (40 m),UTC−8 (Pacific)
278,278,Broken Arrow,Oklahoma,109171,98850,+10.44%,61.7 sq mi,159.8 km2,"1,741/sq mi",672/km2,36°02′11″N 95°46′52″W﻿ / ﻿36.0365°N 95.7810°W,"https://en.wikipedia.org//wiki/Broken_Arrow,_Oklahoma",755 ft (230 m),UTC−6 (CST)
279,279,Sandy Springs,Georgia,108797,93853,+15.92%,37.7 sq mi,97.6 km2,"2,804/sq mi","1,083/km2",33°55′53″N 84°22′07″W﻿ / ﻿33.9315°N 84.3687°W,"https://en.wikipedia.org//wiki/Sandy_Springs,_Georgia","1,093 ft (333 m)",UTC−5 (EST)
280,280,Jurupa Valley,California,108393,0,[ab],42.9 sq mi,111.1 km2,"2,414/sq mi",932/km2,34°00′09″N 117°28′03″W﻿ / ﻿34.0026°N 117.4676°W,"https://en.wikipedia.org//wiki/Jurupa_Valley,_California",0,UTC-8 (PST)
281,281,Hillsboro,Oregon,108389,91611,+18.31%,25.0 sq mi,64.7 km2,"4,207/sq mi","1,624/km2",45°31′41″N 122°56′09″W﻿ / ﻿45.5280°N 122.9357°W,"https://en.wikipedia.org//wiki/Hillsboro,_Oregon",194 ft (60 m),UTC−8 (PST)
282,282,Waterbury,Connecticut,108093,110366,−2.06%,28.5 sq mi,73.8 km2,"3,799/sq mi","1,467/km2",41°33′31″N 73°02′12″W﻿ / ﻿41.5585°N 73.0367°W,"https://en.wikipedia.org//wiki/Waterbury,_Connecticut",270 ft (80 m),UTC−5 (Eastern)
283,283,Santa Maria,California,107408,99553,+7.89%,22.8 sq mi,59.1 km2,"4,662/sq mi","1,800/km2",34°56′00″N 120°26′38″W﻿ / ﻿34.9332°N 120.4438°W,"https://en.wikipedia.org//wiki/Santa_Maria,_California",217 ft (66 m),UTC−8 (Pacific)
284,284,Boulder,Colorado,107353,97385,+10.24%,24.8 sq mi,64.2 km2,"4,358/sq mi","1,683/km2",40°01′37″N 105°15′07″W﻿ / ﻿40.0270°N 105.2519°W,"https://en.wikipedia.org//wiki/Boulder,_Colorado","5,328 ft (1,624 m)",UTC-7 (MST)
285,285,Greeley,Colorado,107348,92889,+15.57%,47.8 sq mi,123.8 km2,"2,176/sq mi",840/km2,40°24′55″N 104°46′11″W﻿ / ﻿40.4153°N 104.7697°W,"https://en.wikipedia.org//wiki/Greeley,_Colorado","4,675 ft (1,425 m)",UTC−7 (MST)
286,286,Daly City,California,107008,101123,+5.82%,7.6 sq mi,19.7 km2,"14,009/sq mi","5,409/km2",37°42′03″N 122°27′54″W﻿ / ﻿37.7009°N 122.4650°W,"https://en.wikipedia.org//wiki/Daly_City,_California",344 ft (105 m),UTC−8 (Pacific)
287,287,Meridian,Idaho,106804,75092,+42.23%,29.8 sq mi,77.2 km2,"3,584/sq mi","1,384/km2",43°36′51″N 116°23′56″W﻿ / ﻿43.6142°N 116.3989°W,"https://en.wikipedia.org//wiki/Meridian,_Idaho","2,605 ft (794 m)",UTC−7 (Mountain)
288,288,Lewisville,Texas,106586,95290,+11.85%,36.7 sq mi,95.1 km2,"2,852/sq mi","1,101/km2",33°02′48″N 96°58′54″W﻿ / ﻿33.0466°N 96.9818°W,"https://en.wikipedia.org//wiki/Lewisville,_Texas",525 ft (170 m),UTC−6 (Central)
289,289,Davie,Florida,106558,91992,+15.83%,34.9 sq mi,90.4 km2,"2,919/sq mi","1,127/km2",26°04′45″N 80°17′06″W﻿ / ﻿26.0791°N 80.2850°W,"https://en.wikipedia.org//wiki/Davie,_Florida",9 ft (1 m),UTC-5 (EST)
290,290,West Covina,California,106311,106098,+0.20%,16.0 sq mi,41.4 km2,"6,740/sq mi","2,600/km2",34°03′21″N 117°54′36″W﻿ / ﻿34.0559°N 117.9099°W,"https://en.wikipedia.org//wiki/West_Covina,_California",384 ft (117 m),UTC−8 (PST)
291,291,League City,Texas,106244,83560,+27.15%,51.2 sq mi,132.6 km2,"1,992/sq mi",769/km2,29°29′24″N 95°06′33″W﻿ / ﻿29.4901°N 95.1091°W,"https://en.wikipedia.org//wiki/League_City,_Texas",20 ft (6 m),UTC-6 (Central (CST))
292,292,Tyler,Texas,105729,96900,+9.11%,56.6 sq mi,146.6 km2,"1,852/sq mi",715/km2,32°19′02″N 95°18′21″W﻿ / ﻿32.3173°N 95.3059°W,"https://en.wikipedia.org//wiki/Tyler,_Texas",544 ft (165 m),UTC−6 (Central)
293,293,Norwalk,California,105120,105549,−0.41%,9.7 sq mi,25.1 km2,"10,946/sq mi","4,226/km2",33°54′27″N 118°05′01″W﻿ / ﻿33.9076°N 118.0835°W,"https://en.wikipedia.org//wiki/Norwalk,_California",92 ft (28 m),UTC−8 (Pacific)
294,294,San Mateo,California,105025,97207,+8.04%,12.1 sq mi,31.3 km2,"8,592/sq mi","3,317/km2",37°33′37″N 122°18′38″W﻿ / ﻿37.5603°N 122.3106°W,"https://en.wikipedia.org//wiki/San_Mateo,_California",46 ft (14 m),UTC−8 (Pacific)
295,295,Green Bay,Wisconsin,104879,104057,+0.79%,45.4 sq mi,117.6 km2,"2,316/sq mi",894/km2,44°31′15″N 87°59′03″W﻿ / ﻿44.5207°N 87.9842°W,"https://en.wikipedia.org//wiki/Green_Bay,_Wisconsin",581 ft (177 m),UTC−6 (Central)
296,296,Wichita Falls,Texas,104576,104553,+0.02%,72.2 sq mi,187.0 km2,"1,450/sq mi",560/km2,33°54′24″N 98°31′33″W﻿ / ﻿33.9067°N 98.5259°W,"https://en.wikipedia.org//wiki/Wichita_Falls,_Texas",948 ft (289 m),UTC−6 (CST)
297,297,Sparks,Nevada,104246,90264,+15.49%,35.9 sq mi,93.0 km2,"2,810/sq mi","1,080/km2",39°33′16″N 119°44′08″W﻿ / ﻿39.5544°N 119.7356°W,"https://en.wikipedia.org//wiki/Sparks,_Nevada","4,413 ft (1,345 m)",UTC−8 (PST)
298,298,Lakewood,New Jersey,104157,92843,+12.19%,24.7 sq mi,64.0 km2,"4,079/sq mi","1,575/km2",40°04′38″N 74°12′01″W﻿ / ﻿40.0771°N 74.2004°W,"https://en.wikipedia.org//wiki/Lakewood_Township,_New_Jersey",49 ft (15 m),UTC-5 (Eastern (EST))
299,299,Burbank,California,103695,103340,+0.34%,17.4 sq mi,45.1 km2,"6,003/sq mi","2,318/km2",34°11′24″N 118°19′35″W﻿ / ﻿34.1901°N 118.3264°W,"https://en.wikipedia.org//wiki/Burbank,_California",607 ft (185 m),UTC−8 (Pacific)
300,300,Rialto,California,103440,99171,+4.30%,22.3 sq mi,57.8 km2,"4,633/sq mi","1,789/km2",34°06′42″N 117°23′18″W﻿ / ﻿34.1118°N 117.3883°W,"https://en.wikipedia.org//wiki/Rialto,_California","1,257 ft (383 m)",UTC−8 (Pacific Time Zone)
301,301,Allen,Texas,103383,84246,+22.72%,27.1 sq mi,70.2 km2,"3,715/sq mi","1,434/km2",33°05′59″N 96°39′47″W﻿ / ﻿33.0997°N 96.6631°W,"https://en.wikipedia.org//wiki/Allen,_Texas",659 ft (201 m),UTC-6 (CST)
302,302,El Cajon,California,103241,99478,+3.78%,14.5 sq mi,37.6 km2,"7,156/sq mi","2,763/km2",32°48′06″N 116°57′37″W﻿ / ﻿32.8017°N 116.9604°W,"https://en.wikipedia.org//wiki/El_Cajon,_California",433 ft (132 m),UTC−8 (Pacific)
303,303,Las Cruces,New Mexico,102926,97618,+5.44%,76.9 sq mi,199.2 km2,"1,323/sq mi",511/km2,32°19′35″N 106°47′23″W﻿ / ﻿32.3264°N 106.7897°W,"https://en.wikipedia.org//wiki/Las_Cruces,_New_Mexico","3,900 ft (1,200 m)",UTC-7 (Mountain)
304,304,Renton,Washington,102153,90927,+12.35%,23.4 sq mi,60.6 km2,"4,314/sq mi","1,666/km2",47°28′34″N 122°11′31″W﻿ / ﻿47.4761°N 122.1920°W,"https://en.wikipedia.org//wiki/Renton,_Washington",46–410 ft (14–125 m),UTC−8 (PST)
305,305,Davenport,Iowa,102085,99685,+2.41%,62.9 sq mi,162.9 km2,"1,631/sq mi",630/km2,41°33′15″N 90°36′14″W﻿ / ﻿41.5541°N 90.6040°W,"https://en.wikipedia.org//wiki/Davenport,_Iowa",580 ft (180 m),UTC−6 (CST)
306,306,South Bend,Indiana,101860,101168,+0.68%,41.4 sq mi,107.2 km2,"2,457/sq mi",949/km2,41°40′37″N 86°16′08″W﻿ / ﻿41.6769°N 86.2690°W,"https://en.wikipedia.org//wiki/South_Bend,_Indiana",692 ft (211 m),UTC−5 (EST)
307,307,Vista,California,101224,93834,+7.88%,18.7 sq mi,48.4 km2,"5,436/sq mi","2,099/km2",33°11′22″N 117°14′19″W﻿ / ﻿33.1895°N 117.2386°W,"https://en.wikipedia.org//wiki/Vista,_California",325 ft (99 m),UTC−8 (Pacific Time Zone)
308,308,Tuscaloosa,Alabama,101113,90468,+11.77%,71.7 sq mi,185.7 km2,"1,399/sq mi",540/km2,33°12′23″N 87°32′05″W﻿ / ﻿33.2065°N 87.5346°W,"https://en.wikipedia.org//wiki/Tuscaloosa,_Alabama",222 ft (68 m),UTC−6 (CST)
309,309,Clinton,Michigan,100800,96796,+4.14%,28.1 sq mi,72.8 km2,"3,573/sq mi","1,380/km2",42°35′25″N 82°55′01″W﻿ / ﻿42.5903°N 82.9170°W,"https://en.wikipedia.org//wiki/Clinton_Township,_Macomb_County,_Michigan",876 ft (267 m),UTC-5 (Eastern (EST))
310,310,Edison,New Jersey,100693,99967,+0.73%,30.1 sq mi,78.0 km2,"3,389/sq mi","1,309/km2",40°30′14″N 74°20′58″W﻿ / ﻿40.5040°N 74.3494°W,"https://en.wikipedia.org//wiki/Edison,_New_Jersey",39 ft (12 m),UTC−5 (Eastern (EST))
311,311,Woodbridge,New Jersey,100450,99585,+0.87%,23.3 sq mi,60.3 km2,"4,351/sq mi","1,680/km2",40°33′39″N 74°17′34″W﻿ / ﻿40.5607°N 74.2927°W,"https://en.wikipedia.org//wiki/Woodbridge_Township,_New_Jersey",18 m (59 ft),UTC−5 (Eastern (EST))
312,312,San Angelo,Texas,100215,93200,+7.53%,59.9 sq mi,155.1 km2,"1,681/sq mi",649/km2,31°26′28″N 100°27′02″W﻿ / ﻿31.4411°N 100.4505°W,"https://en.wikipedia.org//wiki/San_Angelo,_Texas","1,844 ft (562 m)",UTC−6 (CST)
313,313,Kenosha,Wisconsin,100164,99218,+0.95%,28.0 sq mi,72.5 km2,"3,577/sq mi","1,381/km2",42°34′56″N 87°50′44″W﻿ / ﻿42.5822°N 87.8456°W,"https://en.wikipedia.org//wiki/Kenosha,_Wisconsin",604 ft (184 m),UTC−6 (CST)
314,314,Vacaville,California,100154,92428,+8.36%,29.0 sq mi,75.1 km2,"3,449/sq mi","1,332/km2",38°21′14″N 121°58′22″W﻿ / ﻿38.3539°N 121.9728°W,"https://en.wikipedia.org//wiki/Vacaville,_California",174 ft (53 m),UTC−8 (Pacific)
